PatientId	CancerType	SampleType	Family	Count
A93C	ESCA	normal	L1	5
A93C	ESCA	normal	SINE	10
A6VZ	ESCA	normal	L1	1
A6VZ	ESCA	normal	SINE	4
A97I	ESCA	normal	L1	1
A97I	ESCA	normal	SINE	0
A4OR	ESCA	normal	L1	0
A4OR	ESCA	normal	SINE	0
A49L	ESCA	normal	L1	1
A49L	ESCA	normal	SINE	0
A49M	ESCA	normal	L1	2
A49M	ESCA	normal	SINE	8
A9FQ	ESCA	normal	L1	1
A9FQ	ESCA	normal	SINE	0
A7RC	ESCA	normal	L1	0
A7RC	ESCA	normal	SINE	0
A891	ESCA	normal	L1	1
A891	ESCA	normal	SINE	0
A4OJ	ESCA	normal	L1	1
A4OJ	ESCA	normal	SINE	0
A49Y	ESCA	normal	L1	0
A49Y	ESCA	normal	SINE	0
A4A4	ESCA	normal	L1	0
A4A4	ESCA	normal	SINE	0
A5U5	ESCA	normal	L1	0
A5U5	ESCA	normal	SINE	0
A8I1	ESCA	normal	L1	0
A8I1	ESCA	normal	SINE	0
A8NN	ESCA	normal	L1	6
A8NN	ESCA	normal	SINE	10
A4A1	ESCA	normal	L1	0
A4A1	ESCA	normal	SINE	0
A8NE	ESCA	normal	L1	0
A8NE	ESCA	normal	SINE	0
A3YB	ESCA	normal	L1	0
A3YB	ESCA	normal	SINE	1
A93C	ESCA	cancer	L1	16
A93C	ESCA	cancer	SINE	0
A6VZ	ESCA	cancer	L1	24
A6VZ	ESCA	cancer	SINE	3
A97I	ESCA	cancer	L1	11
A97I	ESCA	cancer	SINE	1
A4OR	ESCA	cancer	L1	59
A4OR	ESCA	cancer	SINE	6
A49L	ESCA	cancer	L1	127
A49L	ESCA	cancer	SINE	4
A49M	ESCA	cancer	L1	30
A49M	ESCA	cancer	SINE	1
A9FQ	ESCA	cancer	L1	142
A9FQ	ESCA	cancer	SINE	3
A7RC	ESCA	cancer	L1	110
A7RC	ESCA	cancer	SINE	11
A891	ESCA	cancer	L1	27
A891	ESCA	cancer	SINE	4
A4OJ	ESCA	cancer	L1	206
A4OJ	ESCA	cancer	SINE	2
A49Y	ESCA	cancer	L1	28
A49Y	ESCA	cancer	SINE	12
A4A4	ESCA	cancer	L1	85
A4A4	ESCA	cancer	SINE	0
A5U5	ESCA	cancer	L1	8
A5U5	ESCA	cancer	SINE	2
A8I1	ESCA	cancer	L1	17
A8I1	ESCA	cancer	SINE	0
A8NN	ESCA	cancer	L1	70
A8NN	ESCA	cancer	SINE	3
A4A1	ESCA	cancer	L1	55
A4A1	ESCA	cancer	SINE	4
A8NE	ESCA	cancer	L1	92
A8NE	ESCA	cancer	SINE	16
A3YB	ESCA	cancer	L1	13
A3YB	ESCA	cancer	SINE	2
8042	DLBC	normal	L1	0
8042	DLBC	normal	SINE	2
8043	DLBC	normal	L1	1
8043	DLBC	normal	SINE	3
8046	DLBC	normal	L1	1
8046	DLBC	normal	SINE	4
8047	DLBC	normal	L1	1
8047	DLBC	normal	SINE	0
8062	DLBC	normal	L1	1
8062	DLBC	normal	SINE	1
8061	DLBC	normal	L1	1
8061	DLBC	normal	SINE	1
8042	DLBC	cancer	L1	5
8042	DLBC	cancer	SINE	6
8043	DLBC	cancer	L1	5
8043	DLBC	cancer	SINE	10
8046	DLBC	cancer	L1	7
8046	DLBC	cancer	SINE	9
8047	DLBC	cancer	L1	1
8047	DLBC	cancer	SINE	6
8062	DLBC	cancer	L1	1
8062	DLBC	cancer	SINE	10
8061	DLBC	cancer	L1	3
8061	DLBC	cancer	SINE	5
3885	READ	normal	L1	9
3885	READ	normal	SINE	0
4008	READ	normal	L1	0
4008	READ	normal	SINE	0
3582	READ	normal	L1	0
3582	READ	normal	SINE	0
3913	READ	normal	L1	1
3913	READ	normal	SINE	4
3901	READ	normal	L1	0
3901	READ	normal	SINE	2
A032	READ	normal	L1	0
A032	READ	normal	SINE	3
3574	READ	normal	L1	0
3574	READ	normal	SINE	0
3593	READ	normal	L1	0
3593	READ	normal	SINE	0
6814	READ	normal	L1	0
6814	READ	normal	SINE	0
4015	READ	normal	L1	0
4015	READ	normal	SINE	0
4007	READ	normal	L1	0
4007	READ	normal	SINE	0
A002	READ	normal	L1	0
A002	READ	normal	SINE	0
6917	READ	normal	L1	1
6917	READ	normal	SINE	1
2689	READ	normal	L1	0
2689	READ	normal	SINE	0
3890	READ	normal	L1	0
3890	READ	normal	SINE	0
3727	READ	normal	L1	0
3727	READ	normal	SINE	1
3896	READ	normal	L1	0
3896	READ	normal	SINE	0
2691	READ	normal	L1	0
2691	READ	normal	SINE	0
3885	READ	cancer	L1	2
3885	READ	cancer	SINE	0
4008	READ	cancer	L1	5
4008	READ	cancer	SINE	2
3582	READ	cancer	L1	6
3582	READ	cancer	SINE	0
3913	READ	cancer	L1	27
3913	READ	cancer	SINE	9
3901	READ	cancer	L1	13
3901	READ	cancer	SINE	0
A032	READ	cancer	L1	3
A032	READ	cancer	SINE	2
3574	READ	cancer	L1	4
3574	READ	cancer	SINE	0
3593	READ	cancer	L1	5
3593	READ	cancer	SINE	2
6814	READ	cancer	L1	12
6814	READ	cancer	SINE	0
4015	READ	cancer	L1	8
4015	READ	cancer	SINE	0
4007	READ	cancer	L1	60
4007	READ	cancer	SINE	1
A002	READ	cancer	L1	8
A002	READ	cancer	SINE	4
6917	READ	cancer	L1	9
6917	READ	cancer	SINE	0
2689	READ	cancer	L1	5
2689	READ	cancer	SINE	3
3890	READ	cancer	L1	6
3890	READ	cancer	SINE	7
3727	READ	cancer	L1	9
3727	READ	cancer	SINE	1
3896	READ	cancer	L1	11
3896	READ	cancer	SINE	0
2691	READ	cancer	L1	4
2691	READ	cancer	SINE	2
1086	GBM	normal	L1	0
1086	GBM	normal	SINE	0
0171	GBM	normal	L1	0
0171	GBM	normal	SINE	0
1034	GBM	normal	L1	0
1034	GBM	normal	SINE	0
0125	GBM	normal	L1	2
0125	GBM	normal	SINE	0
2528	GBM	normal	L1	0
2528	GBM	normal	SINE	0
1438	GBM	normal	L1	12
1438	GBM	normal	SINE	0
5135	GBM	normal	L1	0
5135	GBM	normal	SINE	0
5132	GBM	normal	L1	1
5132	GBM	normal	SINE	0
0185	GBM	normal	L1	0
0185	GBM	normal	SINE	0
1454	GBM	normal	L1	1
1454	GBM	normal	SINE	0
1831	GBM	normal	L1	0
1831	GBM	normal	SINE	0
5411	GBM	normal	L1	0
5411	GBM	normal	SINE	0
2523	GBM	normal	L1	0
2523	GBM	normal	SINE	0
0210	GBM	normal	L1	1
0210	GBM	normal	SINE	0
2485	GBM	normal	L1	2
2485	GBM	normal	SINE	1
2483	GBM	normal	L1	0
2483	GBM	normal	SINE	1
0744	GBM	normal	L1	0
0744	GBM	normal	SINE	1
0145	GBM	normal	L1	2
0145	GBM	normal	SINE	0
5960	GBM	normal	L1	1
5960	GBM	normal	SINE	0
1402	GBM	normal	L1	0
1402	GBM	normal	SINE	0
1460	GBM	normal	L1	0
1460	GBM	normal	SINE	0
0208	GBM	normal	L1	0
0208	GBM	normal	SINE	0
0881	GBM	normal	L1	0
0881	GBM	normal	SINE	0
2620	GBM	normal	L1	0
2620	GBM	normal	SINE	0
0648	GBM	normal	L1	0
0648	GBM	normal	SINE	0
2624	GBM	normal	L1	3
2624	GBM	normal	SINE	1
5415	GBM	normal	L1	0
5415	GBM	normal	SINE	0
0221	GBM	normal	L1	0
0221	GBM	normal	SINE	0
2629	GBM	normal	L1	2
2629	GBM	normal	SINE	1
1823	GBM	normal	L1	0
1823	GBM	normal	SINE	0
0128	GBM	normal	L1	0
0128	GBM	normal	SINE	0
0214	GBM	normal	L1	0
0214	GBM	normal	SINE	0
0786	GBM	normal	L1	0
0786	GBM	normal	SINE	0
5651	GBM	normal	L1	45
5651	GBM	normal	SINE	7
2554	GBM	normal	L1	2
2554	GBM	normal	SINE	0
2557	GBM	normal	L1	2
2557	GBM	normal	SINE	2
1063	GBM	normal	L1	0
1063	GBM	normal	SINE	0
0686	GBM	normal	L1	0
0686	GBM	normal	SINE	0
2570	GBM	normal	L1	1
2570	GBM	normal	SINE	0
1970	GBM	normal	L1	0
1970	GBM	normal	SINE	0
0211	GBM	normal	L1	0
0211	GBM	normal	SINE	0
0157	GBM	normal	L1	29
0157	GBM	normal	SINE	2
0745	GBM	normal	L1	0
0745	GBM	normal	SINE	0
0155	GBM	normal	L1	0
0155	GBM	normal	SINE	0
0152	GBM	normal	L1	1
0152	GBM	normal	SINE	0
1389	GBM	normal	L1	0
1389	GBM	normal	SINE	0
0190	GBM	normal	L1	0
0190	GBM	normal	SINE	0
1459	GBM	normal	L1	2
1459	GBM	normal	SINE	0
1086	GBM	cancer	L1	0
1086	GBM	cancer	SINE	4
0171	GBM	cancer	L1	0
0171	GBM	cancer	SINE	2
1034	GBM	cancer	L1	2
1034	GBM	cancer	SINE	2
0125	GBM	cancer	L1	2
0125	GBM	cancer	SINE	2
2528	GBM	cancer	L1	61
2528	GBM	cancer	SINE	2
1438	GBM	cancer	L1	3
1438	GBM	cancer	SINE	2
5135	GBM	cancer	L1	36
5135	GBM	cancer	SINE	0
5132	GBM	cancer	L1	77
5132	GBM	cancer	SINE	6
0185	GBM	cancer	L1	0
0185	GBM	cancer	SINE	0
1454	GBM	cancer	L1	0
1454	GBM	cancer	SINE	0
1831	GBM	cancer	L1	0
1831	GBM	cancer	SINE	0
5411	GBM	cancer	L1	3
5411	GBM	cancer	SINE	0
2523	GBM	cancer	L1	3
2523	GBM	cancer	SINE	2
0210	GBM	cancer	L1	3
0210	GBM	cancer	SINE	2
2485	GBM	cancer	L1	40
2485	GBM	cancer	SINE	7
2483	GBM	cancer	L1	285
2483	GBM	cancer	SINE	0
0744	GBM	cancer	L1	11
0744	GBM	cancer	SINE	0
0145	GBM	cancer	L1	0
0145	GBM	cancer	SINE	0
5960	GBM	cancer	L1	1
5960	GBM	cancer	SINE	2
1402	GBM	cancer	L1	5
1402	GBM	cancer	SINE	1
1460	GBM	cancer	L1	1
1460	GBM	cancer	SINE	3
0208	GBM	cancer	L1	0
0208	GBM	cancer	SINE	0
0881	GBM	cancer	L1	0
0881	GBM	cancer	SINE	0
2620	GBM	cancer	L1	51
2620	GBM	cancer	SINE	1
0648	GBM	cancer	L1	1
0648	GBM	cancer	SINE	0
2624	GBM	cancer	L1	1
2624	GBM	cancer	SINE	1
5415	GBM	cancer	L1	4
5415	GBM	cancer	SINE	0
0221	GBM	cancer	L1	4
0221	GBM	cancer	SINE	10
2629	GBM	cancer	L1	0
2629	GBM	cancer	SINE	2
1823	GBM	cancer	L1	253
1823	GBM	cancer	SINE	1
0128	GBM	cancer	L1	0
0128	GBM	cancer	SINE	0
0214	GBM	cancer	L1	0
0214	GBM	cancer	SINE	0
0786	GBM	cancer	L1	1
0786	GBM	cancer	SINE	0
5651	GBM	cancer	L1	1
5651	GBM	cancer	SINE	2
2554	GBM	cancer	L1	2
2554	GBM	cancer	SINE	4
2557	GBM	cancer	L1	30
2557	GBM	cancer	SINE	7
1063	GBM	cancer	L1	1
1063	GBM	cancer	SINE	0
0686	GBM	cancer	L1	40
0686	GBM	cancer	SINE	1
2570	GBM	cancer	L1	4
2570	GBM	cancer	SINE	0
1970	GBM	cancer	L1	8
1970	GBM	cancer	SINE	0
0211	GBM	cancer	L1	6
0211	GBM	cancer	SINE	0
0157	GBM	cancer	L1	104
0157	GBM	cancer	SINE	1
0745	GBM	cancer	L1	3
0745	GBM	cancer	SINE	0
0155	GBM	cancer	L1	0
0155	GBM	cancer	SINE	1
0152	GBM	cancer	L1	2
0152	GBM	cancer	SINE	0
1389	GBM	cancer	L1	6
1389	GBM	cancer	SINE	3
0190	GBM	cancer	L1	7
0190	GBM	cancer	SINE	1
1459	GBM	cancer	L1	1
1459	GBM	cancer	SINE	0
A2HQ	BLCA	normal	L1	2
A2HQ	BLCA	normal	SINE	3
A13J	BLCA	normal	L1	0
A13J	BLCA	normal	SINE	2
A3IL	BLCA	normal	L1	0
A3IL	BLCA	normal	SINE	2
A1AE	BLCA	normal	L1	4
A1AE	BLCA	normal	SINE	1
A20V	BLCA	normal	L1	1
A20V	BLCA	normal	SINE	4
A1AG	BLCA	normal	L1	517
A1AG	BLCA	normal	SINE	4
A3N6	BLCA	normal	L1	1
A3N6	BLCA	normal	SINE	1
A3N5	BLCA	normal	L1	0
A3N5	BLCA	normal	SINE	2
A3PH	BLCA	normal	L1	0
A3PH	BLCA	normal	SINE	0
A3PJ	BLCA	normal	L1	0
A3PJ	BLCA	normal	SINE	0
A1A5	BLCA	normal	L1	1
A1A5	BLCA	normal	SINE	0
A0F7	BLCA	normal	L1	0
A0F7	BLCA	normal	SINE	0
A1A7	BLCA	normal	L1	0
A1A7	BLCA	normal	SINE	0
A1A6	BLCA	normal	L1	0
A1A6	BLCA	normal	SINE	0
A2LA	BLCA	normal	L1	1
A2LA	BLCA	normal	SINE	1
A20T	BLCA	normal	L1	2
A20T	BLCA	normal	SINE	0
A27C	BLCA	normal	L1	0
A27C	BLCA	normal	SINE	2
A20Q	BLCA	normal	L1	0
A20Q	BLCA	normal	SINE	3
A20P	BLCA	normal	L1	0
A20P	BLCA	normal	SINE	1
A3EE	BLCA	normal	L1	0
A3EE	BLCA	normal	SINE	0
A3MF	BLCA	normal	L1	1
A3MF	BLCA	normal	SINE	1
A2HQ	BLCA	cancer	L1	2
A2HQ	BLCA	cancer	SINE	5
A13J	BLCA	cancer	L1	2
A13J	BLCA	cancer	SINE	0
A3IL	BLCA	cancer	L1	5
A3IL	BLCA	cancer	SINE	0
A1AE	BLCA	cancer	L1	8
A1AE	BLCA	cancer	SINE	1
A20V	BLCA	cancer	L1	0
A20V	BLCA	cancer	SINE	6
A1AG	BLCA	cancer	L1	1
A1AG	BLCA	cancer	SINE	1
A3N6	BLCA	cancer	L1	18
A3N6	BLCA	cancer	SINE	0
A3N5	BLCA	cancer	L1	6
A3N5	BLCA	cancer	SINE	1
A3PH	BLCA	cancer	L1	1
A3PH	BLCA	cancer	SINE	0
A3PJ	BLCA	cancer	L1	7
A3PJ	BLCA	cancer	SINE	0
A1A5	BLCA	cancer	L1	3
A1A5	BLCA	cancer	SINE	1
A0F7	BLCA	cancer	L1	91
A0F7	BLCA	cancer	SINE	2
A1A7	BLCA	cancer	L1	22
A1A7	BLCA	cancer	SINE	3
A1A6	BLCA	cancer	L1	21
A1A6	BLCA	cancer	SINE	1
A2LA	BLCA	cancer	L1	2
A2LA	BLCA	cancer	SINE	1
A20T	BLCA	cancer	L1	6
A20T	BLCA	cancer	SINE	3
A27C	BLCA	cancer	L1	1
A27C	BLCA	cancer	SINE	6
A20Q	BLCA	cancer	L1	0
A20Q	BLCA	cancer	SINE	0
A20P	BLCA	cancer	L1	0
A20P	BLCA	cancer	SINE	0
A3EE	BLCA	cancer	L1	3
A3EE	BLCA	cancer	SINE	0
A3MF	BLCA	cancer	L1	2
A3MF	BLCA	cancer	SINE	0
A0K3	UCEC	normal	L1	1
A0K3	UCEC	normal	SINE	2
A1C8	UCEC	normal	L1	0
A1C8	UCEC	normal	SINE	0
A05D	UCEC	normal	L1	3
A05D	UCEC	normal	SINE	2
A05A	UCEC	normal	L1	0
A05A	UCEC	normal	SINE	0
A0CC	UCEC	normal	L1	1
A0CC	UCEC	normal	SINE	0
A0K8	UCEC	normal	L1	1
A0K8	UCEC	normal	SINE	0
A1MY	UCEC	normal	L1	0
A1MY	UCEC	normal	SINE	2
A1Y8	UCEC	normal	L1	0
A1Y8	UCEC	normal	SINE	0
A139	UCEC	normal	L1	0
A139	UCEC	normal	SINE	0
A05S	UCEC	normal	L1	2040
A05S	UCEC	normal	SINE	27
A0GJ	UCEC	normal	L1	0
A0GJ	UCEC	normal	SINE	0
A0GG	UCEC	normal	L1	0
A0GG	UCEC	normal	SINE	0
A0U9	UCEC	normal	L1	1
A0U9	UCEC	normal	SINE	1
A0GA	UCEC	normal	L1	3
A0GA	UCEC	normal	SINE	0
A2H5	UCEC	normal	L1	0
A2H5	UCEC	normal	SINE	1
A16G	UCEC	normal	L1	0
A16G	UCEC	normal	SINE	0
A0TG	UCEC	normal	L1	16
A0TG	UCEC	normal	SINE	2
A0TE	UCEC	normal	L1	1
A0TE	UCEC	normal	SINE	0
A0TD	UCEC	normal	L1	0
A0TD	UCEC	normal	SINE	0
A052	UCEC	normal	L1	1
A052	UCEC	normal	SINE	0
A0LI	UCEC	normal	L1	0
A0LI	UCEC	normal	SINE	0
A0LH	UCEC	normal	L1	0
A0LH	UCEC	normal	SINE	0
A0LO	UCEC	normal	L1	0
A0LO	UCEC	normal	SINE	0
A0LL	UCEC	normal	L1	0
A0LL	UCEC	normal	SINE	0
A0JN	UCEC	normal	L1	0
A0JN	UCEC	normal	SINE	0
A0LE	UCEC	normal	L1	0
A0LE	UCEC	normal	SINE	0
A0LD	UCEC	normal	L1	0
A0LD	UCEC	normal	SINE	0
A0TC	UCEC	normal	L1	0
A0TC	UCEC	normal	SINE	0
A1NN	UCEC	normal	L1	0
A1NN	UCEC	normal	SINE	0
A0L8	UCEC	normal	L1	0
A0L8	UCEC	normal	SINE	0
A06B	UCEC	normal	L1	80
A06B	UCEC	normal	SINE	2
A0J1	UCEC	normal	L1	0
A0J1	UCEC	normal	SINE	0
A18C	UCEC	normal	L1	0
A18C	UCEC	normal	SINE	0
A1LZ	UCEC	normal	L1	2
A1LZ	UCEC	normal	SINE	2
A0V8	UCEC	normal	L1	1
A0V8	UCEC	normal	SINE	0
A1NU	UCEC	normal	L1	0
A1NU	UCEC	normal	SINE	0
A1GW	UCEC	normal	L1	1
A1GW	UCEC	normal	SINE	1
A1GS	UCEC	normal	L1	1
A1GS	UCEC	normal	SINE	5
A0G9	UCEC	normal	L1	1
A0G9	UCEC	normal	SINE	2
A051	UCEC	normal	L1	0
A051	UCEC	normal	SINE	0
A1CI	UCEC	normal	L1	0
A1CI	UCEC	normal	SINE	0
A053	UCEC	normal	L1	0
A053	UCEC	normal	SINE	0
A054	UCEC	normal	L1	0
A054	UCEC	normal	SINE	0
A11G	UCEC	normal	L1	2
A11G	UCEC	normal	SINE	3
A11I	UCEC	normal	L1	0
A11I	UCEC	normal	SINE	2
A11H	UCEC	normal	L1	0
A11H	UCEC	normal	SINE	0
A0K3	UCEC	cancer	L1	125
A0K3	UCEC	cancer	SINE	10
A1C8	UCEC	cancer	L1	59
A1C8	UCEC	cancer	SINE	2
A05D	UCEC	cancer	L1	3
A05D	UCEC	cancer	SINE	1
A05A	UCEC	cancer	L1	5
A05A	UCEC	cancer	SINE	1
A0CC	UCEC	cancer	L1	27
A0CC	UCEC	cancer	SINE	2
A0K8	UCEC	cancer	L1	2
A0K8	UCEC	cancer	SINE	1
A1MY	UCEC	cancer	L1	4
A1MY	UCEC	cancer	SINE	1
A1Y8	UCEC	cancer	L1	6
A1Y8	UCEC	cancer	SINE	0
A139	UCEC	cancer	L1	47
A139	UCEC	cancer	SINE	2
A05S	UCEC	cancer	L1	280
A05S	UCEC	cancer	SINE	2
A0GJ	UCEC	cancer	L1	10
A0GJ	UCEC	cancer	SINE	1
A0GG	UCEC	cancer	L1	7
A0GG	UCEC	cancer	SINE	9
A0U9	UCEC	cancer	L1	48
A0U9	UCEC	cancer	SINE	11
A0GA	UCEC	cancer	L1	15
A0GA	UCEC	cancer	SINE	2
A2H5	UCEC	cancer	L1	44
A2H5	UCEC	cancer	SINE	5
A16G	UCEC	cancer	L1	1
A16G	UCEC	cancer	SINE	0
A0TG	UCEC	cancer	L1	0
A0TG	UCEC	cancer	SINE	0
A0TE	UCEC	cancer	L1	13
A0TE	UCEC	cancer	SINE	9
A0TD	UCEC	cancer	L1	6
A0TD	UCEC	cancer	SINE	8
A052	UCEC	cancer	L1	5
A052	UCEC	cancer	SINE	2
A0LI	UCEC	cancer	L1	3
A0LI	UCEC	cancer	SINE	3
A0LH	UCEC	cancer	L1	3
A0LH	UCEC	cancer	SINE	1
A0LO	UCEC	cancer	L1	7
A0LO	UCEC	cancer	SINE	3
A0LL	UCEC	cancer	L1	35
A0LL	UCEC	cancer	SINE	23
A0JN	UCEC	cancer	L1	11
A0JN	UCEC	cancer	SINE	14
A0LE	UCEC	cancer	L1	42
A0LE	UCEC	cancer	SINE	4
A0LD	UCEC	cancer	L1	4
A0LD	UCEC	cancer	SINE	0
A0TC	UCEC	cancer	L1	7
A0TC	UCEC	cancer	SINE	3
A1NN	UCEC	cancer	L1	21
A1NN	UCEC	cancer	SINE	2
A0L8	UCEC	cancer	L1	7
A0L8	UCEC	cancer	SINE	4
A06B	UCEC	cancer	L1	9
A06B	UCEC	cancer	SINE	7
A0J1	UCEC	cancer	L1	6
A0J1	UCEC	cancer	SINE	2
A18C	UCEC	cancer	L1	10
A18C	UCEC	cancer	SINE	1
A1LZ	UCEC	cancer	L1	5
A1LZ	UCEC	cancer	SINE	1
A0V8	UCEC	cancer	L1	42
A0V8	UCEC	cancer	SINE	5
A1NU	UCEC	cancer	L1	34
A1NU	UCEC	cancer	SINE	2
A1GW	UCEC	cancer	L1	10
A1GW	UCEC	cancer	SINE	9
A1GS	UCEC	cancer	L1	14
A1GS	UCEC	cancer	SINE	3
A0G9	UCEC	cancer	L1	2
A0G9	UCEC	cancer	SINE	2
A051	UCEC	cancer	L1	0
A051	UCEC	cancer	SINE	0
A1CI	UCEC	cancer	L1	5
A1CI	UCEC	cancer	SINE	2
A053	UCEC	cancer	L1	5
A053	UCEC	cancer	SINE	2
A054	UCEC	cancer	L1	1
A054	UCEC	cancer	SINE	0
A11G	UCEC	cancer	L1	5
A11G	UCEC	cancer	SINE	2
A11I	UCEC	cancer	L1	4585
A11I	UCEC	cancer	SINE	407
A11H	UCEC	cancer	L1	11
A11H	UCEC	cancer	SINE	6
A3PD	THCA	normal	L1	0
A3PD	THCA	normal	SINE	0
A4UT	THCA	normal	L1	0
A4UT	THCA	normal	SINE	0
A4KN	THCA	normal	L1	1
A4KN	THCA	normal	SINE	0
A2OW	THCA	normal	L1	0
A2OW	THCA	normal	SINE	2
A3MY	THCA	normal	L1	0
A3MY	THCA	normal	SINE	1
A0ZB	THCA	normal	L1	0
A0ZB	THCA	normal	SINE	1
A233	THCA	normal	L1	2
A233	THCA	normal	SINE	2
A3H1	THCA	normal	L1	2
A3H1	THCA	normal	SINE	14
A3KN	THCA	normal	L1	0
A3KN	THCA	normal	SINE	0
A2OL	THCA	normal	L1	0
A2OL	THCA	normal	SINE	1
A2Q2	THCA	normal	L1	0
A2Q2	THCA	normal	SINE	0
A2N1	THCA	normal	L1	0
A2N1	THCA	normal	SINE	0
A3T0	THCA	normal	L1	0
A3T0	THCA	normal	SINE	0
A3DV	THCA	normal	L1	2
A3DV	THCA	normal	SINE	1
A4ET	THCA	normal	L1	1
A4ET	THCA	normal	SINE	0
A2Q1	THCA	normal	L1	0
A2Q1	THCA	normal	SINE	0
A0Y3	THCA	normal	L1	1
A0Y3	THCA	normal	SINE	0
A4K6	THCA	normal	L1	0
A4K6	THCA	normal	SINE	1
A2Q8	THCA	normal	L1	0
A2Q8	THCA	normal	SINE	0
A3TB	THCA	normal	L1	2
A3TB	THCA	normal	SINE	1
A3S3	THCA	normal	L1	2
A3S3	THCA	normal	SINE	0
A45K	THCA	normal	L1	0
A45K	THCA	normal	SINE	0
A418	THCA	normal	L1	1
A418	THCA	normal	SINE	1
A2QD	THCA	normal	L1	0
A2QD	THCA	normal	SINE	0
A3SD	THCA	normal	L1	0
A3SD	THCA	normal	SINE	0
A3FL	THCA	normal	L1	0
A3FL	THCA	normal	SINE	0
A416	THCA	normal	L1	0
A416	THCA	normal	SINE	0
A28T	THCA	normal	L1	0
A28T	THCA	normal	SINE	0
A28V	THCA	normal	L1	0
A28V	THCA	normal	SINE	1
A3FR	THCA	normal	L1	1
A3FR	THCA	normal	SINE	0
A3FQ	THCA	normal	L1	0
A3FQ	THCA	normal	SINE	0
A1QL	THCA	normal	L1	0
A1QL	THCA	normal	SINE	0
A2CU	THCA	normal	L1	1
A2CU	THCA	normal	SINE	0
A2CP	THCA	normal	L1	0
A2CP	THCA	normal	SINE	1
A3CX	THCA	normal	L1	0
A3CX	THCA	normal	SINE	1
A3AQ	THCA	normal	L1	0
A3AQ	THCA	normal	SINE	0
A13L	THCA	normal	L1	0
A13L	THCA	normal	SINE	1
A3CV	THCA	normal	L1	0
A3CV	THCA	normal	SINE	1
A22Z	THCA	normal	L1	0
A22Z	THCA	normal	SINE	0
A3T9	THCA	normal	L1	0
A3T9	THCA	normal	SINE	0
A191	THCA	normal	L1	0
A191	THCA	normal	SINE	5
A13R	THCA	normal	L1	0
A13R	THCA	normal	SINE	2
A2CN	THCA	normal	L1	2
A2CN	THCA	normal	SINE	7
A3AL	THCA	normal	L1	0
A3AL	THCA	normal	SINE	4
A13W	THCA	normal	L1	2
A13W	THCA	normal	SINE	2
A0Z2	THCA	normal	L1	0
A0Z2	THCA	normal	SINE	1
A3PD	THCA	cancer	L1	0
A3PD	THCA	cancer	SINE	1
A4UT	THCA	cancer	L1	4
A4UT	THCA	cancer	SINE	5
A4KN	THCA	cancer	L1	3
A4KN	THCA	cancer	SINE	1
A2OW	THCA	cancer	L1	1
A2OW	THCA	cancer	SINE	3
A3MY	THCA	cancer	L1	1
A3MY	THCA	cancer	SINE	1
A0ZB	THCA	cancer	L1	1
A0ZB	THCA	cancer	SINE	5
A233	THCA	cancer	L1	1
A233	THCA	cancer	SINE	4
A3H1	THCA	cancer	L1	0
A3H1	THCA	cancer	SINE	0
A3KN	THCA	cancer	L1	0
A3KN	THCA	cancer	SINE	2
A2OL	THCA	cancer	L1	0
A2OL	THCA	cancer	SINE	4
A2Q2	THCA	cancer	L1	2
A2Q2	THCA	cancer	SINE	4
A2N1	THCA	cancer	L1	7
A2N1	THCA	cancer	SINE	2
A3T0	THCA	cancer	L1	0
A3T0	THCA	cancer	SINE	4
A3DV	THCA	cancer	L1	0
A3DV	THCA	cancer	SINE	1
A4ET	THCA	cancer	L1	2
A4ET	THCA	cancer	SINE	1
A2Q1	THCA	cancer	L1	3
A2Q1	THCA	cancer	SINE	3
A0Y3	THCA	cancer	L1	2
A0Y3	THCA	cancer	SINE	1
A4K6	THCA	cancer	L1	3
A4K6	THCA	cancer	SINE	0
A2Q8	THCA	cancer	L1	1
A2Q8	THCA	cancer	SINE	0
A3TB	THCA	cancer	L1	0
A3TB	THCA	cancer	SINE	1
A3S3	THCA	cancer	L1	1
A3S3	THCA	cancer	SINE	0
A45K	THCA	cancer	L1	4
A45K	THCA	cancer	SINE	1
A418	THCA	cancer	L1	2
A418	THCA	cancer	SINE	3
A2QD	THCA	cancer	L1	7
A2QD	THCA	cancer	SINE	3
A3SD	THCA	cancer	L1	1
A3SD	THCA	cancer	SINE	0
A3FL	THCA	cancer	L1	0
A3FL	THCA	cancer	SINE	1
A416	THCA	cancer	L1	4
A416	THCA	cancer	SINE	4
A28T	THCA	cancer	L1	1
A28T	THCA	cancer	SINE	1
A28V	THCA	cancer	L1	2
A28V	THCA	cancer	SINE	4
A3FR	THCA	cancer	L1	5
A3FR	THCA	cancer	SINE	1
A3FQ	THCA	cancer	L1	1
A3FQ	THCA	cancer	SINE	0
A1QL	THCA	cancer	L1	0
A1QL	THCA	cancer	SINE	1
A2CU	THCA	cancer	L1	53
A2CU	THCA	cancer	SINE	20
A2CP	THCA	cancer	L1	2
A2CP	THCA	cancer	SINE	1
A3CX	THCA	cancer	L1	0
A3CX	THCA	cancer	SINE	0
A3AQ	THCA	cancer	L1	0
A3AQ	THCA	cancer	SINE	0
A13L	THCA	cancer	L1	7
A13L	THCA	cancer	SINE	3
A3CV	THCA	cancer	L1	5
A3CV	THCA	cancer	SINE	4
A22Z	THCA	cancer	L1	7
A22Z	THCA	cancer	SINE	2
A3T9	THCA	cancer	L1	5
A3T9	THCA	cancer	SINE	8
A191	THCA	cancer	L1	0
A191	THCA	cancer	SINE	1
A13R	THCA	cancer	L1	2
A13R	THCA	cancer	SINE	7
A2CN	THCA	cancer	L1	2
A2CN	THCA	cancer	SINE	16
A3AL	THCA	cancer	L1	0
A3AL	THCA	cancer	SINE	1
A13W	THCA	cancer	L1	0
A13W	THCA	cancer	SINE	0
A0Z2	THCA	cancer	L1	4
A0Z2	THCA	cancer	SINE	20
A2LY	CESC	normal	L1	0
A2LY	CESC	normal	SINE	0
A2PK	CESC	normal	L1	0
A2PK	CESC	normal	SINE	0
A2RE	CESC	normal	L1	0
A2RE	CESC	normal	SINE	1
A1H5	CESC	normal	L1	0
A1H5	CESC	normal	SINE	2
A1MQ	CESC	normal	L1	0
A1MQ	CESC	normal	SINE	0
A0VL	CESC	normal	L1	1
A0VL	CESC	normal	SINE	0
A2KJ	CESC	normal	L1	0
A2KJ	CESC	normal	SINE	2
A2LT	CESC	normal	L1	0
A2LT	CESC	normal	SINE	1
A2RM	CESC	normal	L1	0
A2RM	CESC	normal	SINE	2
A2RL	CESC	normal	L1	5
A2RL	CESC	normal	SINE	6
A1M9	CESC	normal	L1	0
A1M9	CESC	normal	SINE	0
A1M8	CESC	normal	L1	0
A1M8	CESC	normal	SINE	0
A2LV	CESC	normal	L1	1
A2LV	CESC	normal	SINE	0
A1BJ	CESC	normal	L1	1
A1BJ	CESC	normal	SINE	0
A2R9	CESC	normal	L1	0
A2R9	CESC	normal	SINE	0
A1BN	CESC	normal	L1	1
A1BN	CESC	normal	SINE	0
A0TN	CESC	normal	L1	0
A0TN	CESC	normal	SINE	9
A1ML	CESC	normal	L1	0
A1ML	CESC	normal	SINE	1
A1MI	CESC	normal	L1	0
A1MI	CESC	normal	SINE	0
A1BF	CESC	normal	L1	1
A1BF	CESC	normal	SINE	0
A2LY	CESC	cancer	L1	7
A2LY	CESC	cancer	SINE	4
A2PK	CESC	cancer	L1	0
A2PK	CESC	cancer	SINE	0
A2RE	CESC	cancer	L1	97
A2RE	CESC	cancer	SINE	3
A1H5	CESC	cancer	L1	11
A1H5	CESC	cancer	SINE	51
A1MQ	CESC	cancer	L1	0
A1MQ	CESC	cancer	SINE	0
A0VL	CESC	cancer	L1	2
A0VL	CESC	cancer	SINE	1
A2KJ	CESC	cancer	L1	1
A2KJ	CESC	cancer	SINE	1
A2LT	CESC	cancer	L1	6
A2LT	CESC	cancer	SINE	4
A2RM	CESC	cancer	L1	5
A2RM	CESC	cancer	SINE	1
A2RL	CESC	cancer	L1	10
A2RL	CESC	cancer	SINE	9
A1M9	CESC	cancer	L1	1
A1M9	CESC	cancer	SINE	4
A1M8	CESC	cancer	L1	0
A1M8	CESC	cancer	SINE	4
A2LV	CESC	cancer	L1	15
A2LV	CESC	cancer	SINE	7
A1BJ	CESC	cancer	L1	0
A1BJ	CESC	cancer	SINE	1
A2R9	CESC	cancer	L1	20
A2R9	CESC	cancer	SINE	6
A1BN	CESC	cancer	L1	10
A1BN	CESC	cancer	SINE	1
A0TN	CESC	cancer	L1	4
A0TN	CESC	cancer	SINE	4
A1ML	CESC	cancer	L1	1
A1ML	CESC	cancer	SINE	0
A1MI	CESC	cancer	L1	2
A1MI	CESC	cancer	SINE	0
A1BF	CESC	cancer	L1	1
A1BF	CESC	cancer	SINE	0
A3A7	LIHC	normal	L1	1
A3A7	LIHC	normal	SINE	1
A3A6	LIHC	normal	L1	1
A3A6	LIHC	normal	SINE	0
A4NA	LIHC	normal	L1	0
A4NA	LIHC	normal	SINE	1
A4NB	LIHC	normal	L1	0
A4NB	LIHC	normal	SINE	0
A3RK	LIHC	normal	L1	0
A3RK	LIHC	normal	SINE	0
A2KA	LIHC	normal	L1	0
A2KA	LIHC	normal	SINE	0
A3A9	LIHC	normal	L1	0
A3A9	LIHC	normal	SINE	0
A5NO	LIHC	normal	L1	0
A5NO	LIHC	normal	SINE	5
A5NP	LIHC	normal	L1	0
A5NP	LIHC	normal	SINE	0
A5NQ	LIHC	normal	L1	0
A5NQ	LIHC	normal	SINE	0
A216	LIHC	normal	L1	0
A216	LIHC	normal	SINE	0
A1E9	LIHC	normal	L1	0
A1E9	LIHC	normal	SINE	0
A3R2	LIHC	normal	L1	0
A3R2	LIHC	normal	SINE	0
A495	LIHC	normal	L1	0
A495	LIHC	normal	SINE	0
A496	LIHC	normal	L1	0
A496	LIHC	normal	SINE	0
A10Q	LIHC	normal	L1	1
A10Q	LIHC	normal	SINE	1
A4ZQ	LIHC	normal	L1	1
A4ZQ	LIHC	normal	SINE	2
A3R3	LIHC	normal	L1	0
A3R3	LIHC	normal	SINE	0
A26S	LIHC	normal	L1	0
A26S	LIHC	normal	SINE	1
A4XI	LIHC	normal	L1	2
A4XI	LIHC	normal	SINE	0
5261	LIHC	normal	L1	0
5261	LIHC	normal	SINE	0
A2HT	LIHC	normal	L1	0
A2HT	LIHC	normal	SINE	5
A2HS	LIHC	normal	L1	0
A2HS	LIHC	normal	SINE	1
A3A8	LIHC	normal	L1	0
A3A8	LIHC	normal	SINE	0
A1HT	LIHC	normal	L1	0
A1HT	LIHC	normal	SINE	0
A459	LIHC	normal	L1	0
A459	LIHC	normal	SINE	2
A5MZ	LIHC	normal	L1	0
A5MZ	LIHC	normal	SINE	0
A5SL	LIHC	normal	L1	0
A5SL	LIHC	normal	SINE	0
5262	LIHC	normal	L1	1
5262	LIHC	normal	SINE	3
A25W	LIHC	normal	L1	0
A25W	LIHC	normal	SINE	0
A25T	LIHC	normal	L1	0
A25T	LIHC	normal	SINE	0
A25S	LIHC	normal	L1	0
A25S	LIHC	normal	SINE	0
A23B	LIHC	normal	L1	0
A23B	LIHC	normal	SINE	0
5260	LIHC	normal	L1	1
5260	LIHC	normal	SINE	0
A25Y	LIHC	normal	L1	1
A25Y	LIHC	normal	SINE	0
A5DF	LIHC	normal	L1	0
A5DF	LIHC	normal	SINE	0
A1EL	LIHC	normal	L1	0
A1EL	LIHC	normal	SINE	11
A2QQ	LIHC	normal	L1	1
A2QQ	LIHC	normal	SINE	0
A1EI	LIHC	normal	L1	0
A1EI	LIHC	normal	SINE	3
A1EH	LIHC	normal	L1	0
A1EH	LIHC	normal	SINE	0
A3CK	LIHC	normal	L1	0
A3CK	LIHC	normal	SINE	1
A1EJ	LIHC	normal	L1	0
A1EJ	LIHC	normal	SINE	0
A1ED	LIHC	normal	L1	0
A1ED	LIHC	normal	SINE	2
A1EG	LIHC	normal	L1	0
A1EG	LIHC	normal	SINE	1
A3I0	LIHC	normal	L1	0
A3I0	LIHC	normal	SINE	1
A3I1	LIHC	normal	L1	0
A3I1	LIHC	normal	SINE	0
A1EB	LIHC	normal	L1	0
A1EB	LIHC	normal	SINE	1
A3A7	LIHC	cancer	L1	7
A3A7	LIHC	cancer	SINE	2
A3A6	LIHC	cancer	L1	0
A3A6	LIHC	cancer	SINE	0
A4NA	LIHC	cancer	L1	7
A4NA	LIHC	cancer	SINE	0
A4NB	LIHC	cancer	L1	3
A4NB	LIHC	cancer	SINE	1
A3RK	LIHC	cancer	L1	0
A3RK	LIHC	cancer	SINE	0
A2KA	LIHC	cancer	L1	20
A2KA	LIHC	cancer	SINE	5
A3A9	LIHC	cancer	L1	4
A3A9	LIHC	cancer	SINE	0
A5NO	LIHC	cancer	L1	7
A5NO	LIHC	cancer	SINE	24
A5NP	LIHC	cancer	L1	4
A5NP	LIHC	cancer	SINE	2
A5NQ	LIHC	cancer	L1	0
A5NQ	LIHC	cancer	SINE	0
A216	LIHC	cancer	L1	11
A216	LIHC	cancer	SINE	2
A1E9	LIHC	cancer	L1	0
A1E9	LIHC	cancer	SINE	2
A3R2	LIHC	cancer	L1	7
A3R2	LIHC	cancer	SINE	1
A495	LIHC	cancer	L1	7
A495	LIHC	cancer	SINE	1
A496	LIHC	cancer	L1	5
A496	LIHC	cancer	SINE	1
A10Q	LIHC	cancer	L1	1
A10Q	LIHC	cancer	SINE	2
A4ZQ	LIHC	cancer	L1	3
A4ZQ	LIHC	cancer	SINE	11
A3R3	LIHC	cancer	L1	1
A3R3	LIHC	cancer	SINE	1
A26S	LIHC	cancer	L1	2
A26S	LIHC	cancer	SINE	2
A4XI	LIHC	cancer	L1	2
A4XI	LIHC	cancer	SINE	12
5261	LIHC	cancer	L1	2
5261	LIHC	cancer	SINE	3
A2HT	LIHC	cancer	L1	2
A2HT	LIHC	cancer	SINE	14
A2HS	LIHC	cancer	L1	0
A2HS	LIHC	cancer	SINE	3
A3A8	LIHC	cancer	L1	4
A3A8	LIHC	cancer	SINE	0
A1HT	LIHC	cancer	L1	3
A1HT	LIHC	cancer	SINE	6
A459	LIHC	cancer	L1	8
A459	LIHC	cancer	SINE	3
A5MZ	LIHC	cancer	L1	1
A5MZ	LIHC	cancer	SINE	2
A5SL	LIHC	cancer	L1	3
A5SL	LIHC	cancer	SINE	0
5262	LIHC	cancer	L1	1
5262	LIHC	cancer	SINE	5
A25W	LIHC	cancer	L1	4
A25W	LIHC	cancer	SINE	3
A25T	LIHC	cancer	L1	6
A25T	LIHC	cancer	SINE	0
A25S	LIHC	cancer	L1	6
A25S	LIHC	cancer	SINE	3
A23B	LIHC	cancer	L1	0
A23B	LIHC	cancer	SINE	3
5260	LIHC	cancer	L1	10
5260	LIHC	cancer	SINE	0
A25Y	LIHC	cancer	L1	4
A25Y	LIHC	cancer	SINE	1
A5DF	LIHC	cancer	L1	18
A5DF	LIHC	cancer	SINE	5
A1EL	LIHC	cancer	L1	2
A1EL	LIHC	cancer	SINE	29
A2QQ	LIHC	cancer	L1	4
A2QQ	LIHC	cancer	SINE	2
A1EI	LIHC	cancer	L1	6
A1EI	LIHC	cancer	SINE	14
A1EH	LIHC	cancer	L1	1
A1EH	LIHC	cancer	SINE	5
A3CK	LIHC	cancer	L1	3
A3CK	LIHC	cancer	SINE	7
A1EJ	LIHC	cancer	L1	2
A1EJ	LIHC	cancer	SINE	5
A1ED	LIHC	cancer	L1	3
A1ED	LIHC	cancer	SINE	1
A1EG	LIHC	cancer	L1	3
A1EG	LIHC	cancer	SINE	1
A3I0	LIHC	cancer	L1	3
A3I0	LIHC	cancer	SINE	4
A3I1	LIHC	cancer	L1	2
A3I1	LIHC	cancer	SINE	6
A1EB	LIHC	cancer	L1	7
A1EB	LIHC	cancer	SINE	3
6961	HNSC	normal	L1	0
6961	HNSC	normal	SINE	0
4076	HNSC	normal	L1	0
4076	HNSC	normal	SINE	1
6491	HNSC	normal	L1	0
6491	HNSC	normal	SINE	1
6989	HNSC	normal	L1	0
6989	HNSC	normal	SINE	0
5153	HNSC	normal	L1	2
5153	HNSC	normal	SINE	0
7382	HNSC	normal	L1	0
7382	HNSC	normal	SINE	0
4225	HNSC	normal	L1	3
4225	HNSC	normal	SINE	0
6873	HNSC	normal	L1	0
6873	HNSC	normal	SINE	0
6872	HNSC	normal	L1	0
6872	HNSC	normal	SINE	0
7385	HNSC	normal	L1	0
7385	HNSC	normal	SINE	0
5432	HNSC	normal	L1	1
5432	HNSC	normal	SINE	0
5250	HNSC	normal	L1	0
5250	HNSC	normal	SINE	0
5431	HNSC	normal	L1	1
5431	HNSC	normal	SINE	0
6433	HNSC	normal	L1	0
6433	HNSC	normal	SINE	0
5629	HNSC	normal	L1	0
5629	HNSC	normal	SINE	2
6472	HNSC	normal	L1	1
6472	HNSC	normal	SINE	0
4741	HNSC	normal	L1	0
4741	HNSC	normal	SINE	0
6470	HNSC	normal	L1	0
6470	HNSC	normal	SINE	0
6994	HNSC	normal	L1	0
6994	HNSC	normal	SINE	1
7416	HNSC	normal	L1	0
7416	HNSC	normal	SINE	1
7432	HNSC	normal	L1	0
7432	HNSC	normal	SINE	0
6225	HNSC	normal	L1	0
6225	HNSC	normal	SINE	0
6228	HNSC	normal	L1	1
6228	HNSC	normal	SINE	0
7753	HNSC	normal	L1	0
7753	HNSC	normal	SINE	1
7391	HNSC	normal	L1	1
7391	HNSC	normal	SINE	1
5149	HNSC	normal	L1	0
5149	HNSC	normal	SINE	3
A4IH	HNSC	normal	L1	1
A4IH	HNSC	normal	SINE	0
7100	HNSC	normal	L1	0
7100	HNSC	normal	SINE	0
7180	HNSC	normal	L1	0
7180	HNSC	normal	SINE	0
5556	HNSC	normal	L1	0
5556	HNSC	normal	SINE	0
6869	HNSC	normal	L1	0
6869	HNSC	normal	SINE	0
6482	HNSC	normal	L1	1
6482	HNSC	normal	SINE	1
6480	HNSC	normal	L1	0
6480	HNSC	normal	SINE	1
6487	HNSC	normal	L1	0
6487	HNSC	normal	SINE	2
6956	HNSC	normal	L1	0
6956	HNSC	normal	SINE	1
6011	HNSC	normal	L1	1
6011	HNSC	normal	SINE	0
7255	HNSC	normal	L1	0
7255	HNSC	normal	SINE	0
7090	HNSC	normal	L1	0
7090	HNSC	normal	SINE	0
5249	HNSC	normal	L1	0
5249	HNSC	normal	SINE	1
4737	HNSC	normal	L1	0
4737	HNSC	normal	SINE	1
7086	HNSC	normal	L1	0
7086	HNSC	normal	SINE	8
5443	HNSC	normal	L1	2
5443	HNSC	normal	SINE	4
5442	HNSC	normal	L1	0
5442	HNSC	normal	SINE	0
4077	HNSC	normal	L1	0
4077	HNSC	normal	SINE	0
5365	HNSC	normal	L1	0
5365	HNSC	normal	SINE	1
6467	HNSC	normal	L1	0
6467	HNSC	normal	SINE	0
5374	HNSC	normal	L1	0
5374	HNSC	normal	SINE	0
5973	HNSC	normal	L1	1
5973	HNSC	normal	SINE	1
7404	HNSC	normal	L1	0
7404	HNSC	normal	SINE	0
5625	HNSC	normal	L1	0
5625	HNSC	normal	SINE	0
6961	HNSC	cancer	L1	0
6961	HNSC	cancer	SINE	0
4076	HNSC	cancer	L1	79
4076	HNSC	cancer	SINE	0
6491	HNSC	cancer	L1	30
6491	HNSC	cancer	SINE	1
6989	HNSC	cancer	L1	55
6989	HNSC	cancer	SINE	1
5153	HNSC	cancer	L1	0
5153	HNSC	cancer	SINE	0
7382	HNSC	cancer	L1	1
7382	HNSC	cancer	SINE	0
4225	HNSC	cancer	L1	3
4225	HNSC	cancer	SINE	0
6873	HNSC	cancer	L1	16
6873	HNSC	cancer	SINE	0
6872	HNSC	cancer	L1	40
6872	HNSC	cancer	SINE	2
7385	HNSC	cancer	L1	1
7385	HNSC	cancer	SINE	0
5432	HNSC	cancer	L1	594
5432	HNSC	cancer	SINE	4
5250	HNSC	cancer	L1	6
5250	HNSC	cancer	SINE	0
5431	HNSC	cancer	L1	114
5431	HNSC	cancer	SINE	1
6433	HNSC	cancer	L1	1
6433	HNSC	cancer	SINE	0
5629	HNSC	cancer	L1	141
5629	HNSC	cancer	SINE	6
6472	HNSC	cancer	L1	8
6472	HNSC	cancer	SINE	0
4741	HNSC	cancer	L1	3
4741	HNSC	cancer	SINE	1
6470	HNSC	cancer	L1	8
6470	HNSC	cancer	SINE	0
6994	HNSC	cancer	L1	16
6994	HNSC	cancer	SINE	6
7416	HNSC	cancer	L1	11
7416	HNSC	cancer	SINE	0
7432	HNSC	cancer	L1	8
7432	HNSC	cancer	SINE	2
6225	HNSC	cancer	L1	147
6225	HNSC	cancer	SINE	6
6228	HNSC	cancer	L1	27
6228	HNSC	cancer	SINE	2
7753	HNSC	cancer	L1	105
7753	HNSC	cancer	SINE	4
7391	HNSC	cancer	L1	0
7391	HNSC	cancer	SINE	1
5149	HNSC	cancer	L1	11
5149	HNSC	cancer	SINE	0
A4IH	HNSC	cancer	L1	0
A4IH	HNSC	cancer	SINE	0
7100	HNSC	cancer	L1	2
7100	HNSC	cancer	SINE	0
7180	HNSC	cancer	L1	14
7180	HNSC	cancer	SINE	0
5556	HNSC	cancer	L1	1
5556	HNSC	cancer	SINE	4
6869	HNSC	cancer	L1	54
6869	HNSC	cancer	SINE	4
6482	HNSC	cancer	L1	3
6482	HNSC	cancer	SINE	11
6480	HNSC	cancer	L1	3
6480	HNSC	cancer	SINE	0
6487	HNSC	cancer	L1	2
6487	HNSC	cancer	SINE	2
6956	HNSC	cancer	L1	112
6956	HNSC	cancer	SINE	8
6011	HNSC	cancer	L1	24
6011	HNSC	cancer	SINE	1
7255	HNSC	cancer	L1	3
7255	HNSC	cancer	SINE	10
7090	HNSC	cancer	L1	9
7090	HNSC	cancer	SINE	1
5249	HNSC	cancer	L1	1
5249	HNSC	cancer	SINE	5
4737	HNSC	cancer	L1	11
4737	HNSC	cancer	SINE	1
7086	HNSC	cancer	L1	66
7086	HNSC	cancer	SINE	21
5443	HNSC	cancer	L1	1
5443	HNSC	cancer	SINE	2
5442	HNSC	cancer	L1	24
5442	HNSC	cancer	SINE	3
4077	HNSC	cancer	L1	6
4077	HNSC	cancer	SINE	0
5365	HNSC	cancer	L1	6
5365	HNSC	cancer	SINE	2
6467	HNSC	cancer	L1	2
6467	HNSC	cancer	SINE	0
5374	HNSC	cancer	L1	3
5374	HNSC	cancer	SINE	0
5973	HNSC	cancer	L1	66
5973	HNSC	cancer	SINE	3
7404	HNSC	cancer	L1	1
7404	HNSC	cancer	SINE	0
5625	HNSC	cancer	L1	9
5625	HNSC	cancer	SINE	1
8608	STAD	normal	L1	0
8608	STAD	normal	SINE	0
6815	STAD	normal	L1	0
6815	STAD	normal	SINE	0
8381	STAD	normal	L1	0
8381	STAD	normal	SINE	0
8682	STAD	normal	L1	0
8682	STAD	normal	SINE	0
8529	STAD	normal	L1	0
8529	STAD	normal	SINE	0
6452	STAD	normal	L1	0
6452	STAD	normal	SINE	0
6456	STAD	normal	L1	0
6456	STAD	normal	SINE	0
6875	STAD	normal	L1	0
6875	STAD	normal	SINE	1
4474	STAD	normal	L1	3
4474	STAD	normal	SINE	0
5647	STAD	normal	L1	0
5647	STAD	normal	SINE	1
7136	STAD	normal	L1	0
7136	STAD	normal	SINE	1
6519	STAD	normal	L1	0
6519	STAD	normal	SINE	0
4280	STAD	normal	L1	0
4280	STAD	normal	SINE	0
5723	STAD	normal	L1	0
5723	STAD	normal	SINE	0
5724	STAD	normal	L1	0
5724	STAD	normal	SINE	0
5802	STAD	normal	L1	0
5802	STAD	normal	SINE	0
6822	STAD	normal	L1	0
6822	STAD	normal	SINE	0
8373	STAD	normal	L1	0
8373	STAD	normal	SINE	0
7806	STAD	normal	L1	0
7806	STAD	normal	SINE	0
4255	STAD	normal	L1	0
4255	STAD	normal	SINE	0
4442	STAD	normal	L1	0
4442	STAD	normal	SINE	0
4443	STAD	normal	L1	1
4443	STAD	normal	SINE	0
8570	STAD	normal	L1	1
8570	STAD	normal	SINE	0
5730	STAD	normal	L1	1
5730	STAD	normal	SINE	0
6527	STAD	normal	L1	1
6527	STAD	normal	SINE	0
6528	STAD	normal	L1	0
6528	STAD	normal	SINE	0
8690	STAD	normal	L1	0
8690	STAD	normal	SINE	0
8245	STAD	normal	L1	0
8245	STAD	normal	SINE	0
5579	STAD	normal	L1	0
5579	STAD	normal	SINE	0
A4YX	STAD	normal	L1	0
A4YX	STAD	normal	SINE	0
6564	STAD	normal	L1	0
6564	STAD	normal	SINE	0
A4H0	STAD	normal	L1	0
A4H0	STAD	normal	SINE	0
8486	STAD	normal	L1	0
8486	STAD	normal	SINE	0
A4G6	STAD	normal	L1	0
A4G6	STAD	normal	SINE	2
7722	STAD	normal	L1	0
7722	STAD	normal	SINE	0
7998	STAD	normal	L1	1
7998	STAD	normal	SINE	0
6177	STAD	normal	L1	0
6177	STAD	normal	SINE	0
A4J4	STAD	normal	L1	1
A4J4	STAD	normal	SINE	4
5799	STAD	normal	L1	0
5799	STAD	normal	SINE	1
8608	STAD	cancer	L1	5
8608	STAD	cancer	SINE	0
6815	STAD	cancer	L1	88
6815	STAD	cancer	SINE	0
8381	STAD	cancer	L1	4
8381	STAD	cancer	SINE	0
8682	STAD	cancer	L1	3
8682	STAD	cancer	SINE	5
8529	STAD	cancer	L1	10
8529	STAD	cancer	SINE	1
6452	STAD	cancer	L1	0
6452	STAD	cancer	SINE	0
6456	STAD	cancer	L1	9
6456	STAD	cancer	SINE	0
6875	STAD	cancer	L1	78
6875	STAD	cancer	SINE	3
4474	STAD	cancer	L1	4
4474	STAD	cancer	SINE	0
5647	STAD	cancer	L1	91
5647	STAD	cancer	SINE	3
7136	STAD	cancer	L1	149
7136	STAD	cancer	SINE	27
6519	STAD	cancer	L1	4
6519	STAD	cancer	SINE	0
4280	STAD	cancer	L1	2
4280	STAD	cancer	SINE	0
5723	STAD	cancer	L1	1
5723	STAD	cancer	SINE	1
5724	STAD	cancer	L1	94
5724	STAD	cancer	SINE	2
5802	STAD	cancer	L1	44
5802	STAD	cancer	SINE	2
6822	STAD	cancer	L1	60
6822	STAD	cancer	SINE	3
8373	STAD	cancer	L1	18
8373	STAD	cancer	SINE	3
7806	STAD	cancer	L1	164
7806	STAD	cancer	SINE	1
4255	STAD	cancer	L1	7
4255	STAD	cancer	SINE	1
4442	STAD	cancer	L1	4
4442	STAD	cancer	SINE	0
4443	STAD	cancer	L1	8
4443	STAD	cancer	SINE	0
8570	STAD	cancer	L1	5
8570	STAD	cancer	SINE	2
5730	STAD	cancer	L1	6
5730	STAD	cancer	SINE	0
6527	STAD	cancer	L1	274
6527	STAD	cancer	SINE	6
6528	STAD	cancer	L1	5
6528	STAD	cancer	SINE	0
8690	STAD	cancer	L1	89
8690	STAD	cancer	SINE	0
8245	STAD	cancer	L1	6
8245	STAD	cancer	SINE	2
5579	STAD	cancer	L1	11
5579	STAD	cancer	SINE	0
A4YX	STAD	cancer	L1	14
A4YX	STAD	cancer	SINE	1
6564	STAD	cancer	L1	3
6564	STAD	cancer	SINE	1
A4H0	STAD	cancer	L1	4
A4H0	STAD	cancer	SINE	1
8486	STAD	cancer	L1	3
8486	STAD	cancer	SINE	5
A4G6	STAD	cancer	L1	1
A4G6	STAD	cancer	SINE	14
7722	STAD	cancer	L1	0
7722	STAD	cancer	SINE	0
7998	STAD	cancer	L1	3
7998	STAD	cancer	SINE	9
6177	STAD	cancer	L1	32
6177	STAD	cancer	SINE	3
A4J4	STAD	cancer	L1	6
A4J4	STAD	cancer	SINE	7
5799	STAD	cancer	L1	7
5799	STAD	cancer	SINE	7
A2A0	SKCM	normal	L1	0
A2A0	SKCM	normal	SINE	0
A19J	SKCM	normal	L1	0
A19J	SKCM	normal	SINE	0
A19L	SKCM	normal	L1	1
A19L	SKCM	normal	SINE	2
A19E	SKCM	normal	L1	1
A19E	SKCM	normal	SINE	2
A19D	SKCM	normal	L1	0
A19D	SKCM	normal	SINE	0
A262	SKCM	normal	L1	0
A262	SKCM	normal	SINE	0
A2MI	SKCM	normal	L1	0
A2MI	SKCM	normal	SINE	0
A3F3	SKCM	normal	L1	0
A3F3	SKCM	normal	SINE	0
A1IC	SKCM	normal	L1	0
A1IC	SKCM	normal	SINE	0
A3MO	SKCM	normal	L1	0
A3MO	SKCM	normal	SINE	1
A19T	SKCM	normal	L1	0
A19T	SKCM	normal	SINE	0
A1Q1	SKCM	normal	L1	0
A1Q1	SKCM	normal	SINE	0
A1Q5	SKCM	normal	L1	0
A1Q5	SKCM	normal	SINE	1
A26C	SKCM	normal	L1	0
A26C	SKCM	normal	SINE	0
A26A	SKCM	normal	L1	0
A26A	SKCM	normal	SINE	0
A1ZK	SKCM	normal	L1	1
A1ZK	SKCM	normal	SINE	0
A1ZP	SKCM	normal	L1	0
A1ZP	SKCM	normal	SINE	0
A3F5	SKCM	normal	L1	1
A3F5	SKCM	normal	SINE	0
A1ZU	SKCM	normal	L1	0
A1ZU	SKCM	normal	SINE	1
A185	SKCM	normal	L1	1
A185	SKCM	normal	SINE	0
A3F8	SKCM	normal	L1	0
A3F8	SKCM	normal	SINE	0
A3J5	SKCM	normal	L1	1
A3J5	SKCM	normal	SINE	0
A3JI	SKCM	normal	L1	0
A3JI	SKCM	normal	SINE	0
A1HY	SKCM	normal	L1	3
A1HY	SKCM	normal	SINE	1
A1HV	SKCM	normal	L1	1
A1HV	SKCM	normal	SINE	0
A1HW	SKCM	normal	L1	1
A1HW	SKCM	normal	SINE	1
A2NF	SKCM	normal	L1	0
A2NF	SKCM	normal	SINE	2
A1ZD	SKCM	normal	L1	0
A1ZD	SKCM	normal	SINE	0
A148	SKCM	normal	L1	0
A148	SKCM	normal	SINE	1
A266	SKCM	normal	L1	0
A266	SKCM	normal	SINE	2
A264	SKCM	normal	L1	1
A264	SKCM	normal	SINE	0
A1I8	SKCM	normal	L1	0
A1I8	SKCM	normal	SINE	1
A3ES	SKCM	normal	L1	0
A3ES	SKCM	normal	SINE	1
A1I0	SKCM	normal	L1	0
A1I0	SKCM	normal	SINE	0
A2M5	SKCM	normal	L1	1
A2M5	SKCM	normal	SINE	0
A2GT	SKCM	normal	L1	0
A2GT	SKCM	normal	SINE	1
A2GN	SKCM	normal	L1	0
A2GN	SKCM	normal	SINE	0
A29B	SKCM	normal	L1	0
A29B	SKCM	normal	SINE	0
A24D	SKCM	normal	L1	0
A24D	SKCM	normal	SINE	0
A1I2	SKCM	normal	L1	0
A1I2	SKCM	normal	SINE	0
A2A0	SKCM	cancer	L1	2
A2A0	SKCM	cancer	SINE	1
A19J	SKCM	cancer	L1	6
A19J	SKCM	cancer	SINE	4
A19L	SKCM	cancer	L1	7
A19L	SKCM	cancer	SINE	4
A19E	SKCM	cancer	L1	6
A19E	SKCM	cancer	SINE	3
A19D	SKCM	cancer	L1	1
A19D	SKCM	cancer	SINE	0
A262	SKCM	cancer	L1	3
A262	SKCM	cancer	SINE	5
A2MI	SKCM	cancer	L1	0
A2MI	SKCM	cancer	SINE	1
A3F3	SKCM	cancer	L1	4
A3F3	SKCM	cancer	SINE	4
A1IC	SKCM	cancer	L1	0
A1IC	SKCM	cancer	SINE	0
A3MO	SKCM	cancer	L1	6
A3MO	SKCM	cancer	SINE	2
A19T	SKCM	cancer	L1	7
A19T	SKCM	cancer	SINE	4
A1Q1	SKCM	cancer	L1	8
A1Q1	SKCM	cancer	SINE	3
A1Q5	SKCM	cancer	L1	1
A1Q5	SKCM	cancer	SINE	0
A26C	SKCM	cancer	L1	3
A26C	SKCM	cancer	SINE	4
A26A	SKCM	cancer	L1	1
A26A	SKCM	cancer	SINE	1
A1ZK	SKCM	cancer	L1	4
A1ZK	SKCM	cancer	SINE	4
A1ZP	SKCM	cancer	L1	2
A1ZP	SKCM	cancer	SINE	0
A3F5	SKCM	cancer	L1	4
A3F5	SKCM	cancer	SINE	0
A1ZU	SKCM	cancer	L1	1
A1ZU	SKCM	cancer	SINE	0
A185	SKCM	cancer	L1	4
A185	SKCM	cancer	SINE	4
A3F8	SKCM	cancer	L1	1
A3F8	SKCM	cancer	SINE	0
A3J5	SKCM	cancer	L1	0
A3J5	SKCM	cancer	SINE	2
A3JI	SKCM	cancer	L1	1
A3JI	SKCM	cancer	SINE	1
A1HY	SKCM	cancer	L1	1
A1HY	SKCM	cancer	SINE	3
A1HV	SKCM	cancer	L1	3
A1HV	SKCM	cancer	SINE	0
A1HW	SKCM	cancer	L1	3
A1HW	SKCM	cancer	SINE	0
A2NF	SKCM	cancer	L1	1
A2NF	SKCM	cancer	SINE	1
A1ZD	SKCM	cancer	L1	3
A1ZD	SKCM	cancer	SINE	1
A148	SKCM	cancer	L1	2
A148	SKCM	cancer	SINE	6
A266	SKCM	cancer	L1	0
A266	SKCM	cancer	SINE	1
A264	SKCM	cancer	L1	5
A264	SKCM	cancer	SINE	9
A1I8	SKCM	cancer	L1	1
A1I8	SKCM	cancer	SINE	1
A3ES	SKCM	cancer	L1	0
A3ES	SKCM	cancer	SINE	1
A1I0	SKCM	cancer	L1	4
A1I0	SKCM	cancer	SINE	19
A2M5	SKCM	cancer	L1	1
A2M5	SKCM	cancer	SINE	1
A2GT	SKCM	cancer	L1	6
A2GT	SKCM	cancer	SINE	3
A2GN	SKCM	cancer	L1	0
A2GN	SKCM	cancer	SINE	1
A29B	SKCM	cancer	L1	2
A29B	SKCM	cancer	SINE	1
A24D	SKCM	cancer	L1	5
A24D	SKCM	cancer	SINE	2
A1I2	SKCM	cancer	L1	4
A1I2	SKCM	cancer	SINE	0
6964	COAD	normal	L1	0
6964	COAD	normal	SINE	0
3807	COAD	normal	L1	0
3807	COAD	normal	SINE	0
A565	COAD	normal	L1	2
A565	COAD	normal	SINE	2
A566	COAD	normal	L1	0
A566	COAD	normal	SINE	6
A567	COAD	normal	L1	0
A567	COAD	normal	SINE	2
6601	COAD	normal	L1	0
6601	COAD	normal	SINE	0
6141	COAD	normal	L1	0
6141	COAD	normal	SINE	0
3685	COAD	normal	L1	0
3685	COAD	normal	SINE	0
6781	COAD	normal	L1	0
6781	COAD	normal	SINE	0
3555	COAD	normal	L1	0
3555	COAD	normal	SINE	0
3518	COAD	normal	L1	0
3518	COAD	normal	SINE	0
A54L	COAD	normal	L1	1
A54L	COAD	normal	SINE	3
A00R	COAD	normal	L1	3635
A00R	COAD	normal	SINE	69
3514	COAD	normal	L1	0
3514	COAD	normal	SINE	0
A00N	COAD	normal	L1	77
A00N	COAD	normal	SINE	32
3977	COAD	normal	L1	0
3977	COAD	normal	SINE	0
A5EK	COAD	normal	L1	0
A5EK	COAD	normal	SINE	4
3994	COAD	normal	L1	0
3994	COAD	normal	SINE	2
2681	COAD	normal	L1	1
2681	COAD	normal	SINE	0
2683	COAD	normal	L1	0
2683	COAD	normal	SINE	0
3664	COAD	normal	L1	0
3664	COAD	normal	SINE	0
3666	COAD	normal	L1	0
3666	COAD	normal	SINE	0
4315	COAD	normal	L1	6
4315	COAD	normal	SINE	1
A02O	COAD	normal	L1	0
A02O	COAD	normal	SINE	1
3956	COAD	normal	L1	0
3956	COAD	normal	SINE	0
6718	COAD	normal	L1	0
6718	COAD	normal	SINE	0
A50V	COAD	normal	L1	1
A50V	COAD	normal	SINE	1
A02Y	COAD	normal	L1	1
A02Y	COAD	normal	SINE	0
A5Z1	COAD	normal	L1	0
A5Z1	COAD	normal	SINE	0
A5Z2	COAD	normal	L1	0
A5Z2	COAD	normal	SINE	0
3529	COAD	normal	L1	0
3529	COAD	normal	SINE	0
A5YW	COAD	normal	L1	1
A5YW	COAD	normal	SINE	0
A5YV	COAD	normal	L1	17
A5YV	COAD	normal	SINE	0
A01X	COAD	normal	L1	0
A01X	COAD	normal	SINE	0
A50T	COAD	normal	L1	1
A50T	COAD	normal	SINE	4
A01T	COAD	normal	L1	0
A01T	COAD	normal	SINE	1
A01V	COAD	normal	L1	1
A01V	COAD	normal	SINE	0
A5YX	COAD	normal	L1	1
A5YX	COAD	normal	SINE	1
A01R	COAD	normal	L1	0
A01R	COAD	normal	SINE	0
A01S	COAD	normal	L1	0
A01S	COAD	normal	SINE	1
A56B	COAD	normal	L1	2
A56B	COAD	normal	SINE	2
A03F	COAD	normal	L1	1
A03F	COAD	normal	SINE	0
3534	COAD	normal	L1	0
3534	COAD	normal	SINE	0
6964	COAD	cancer	L1	11
6964	COAD	cancer	SINE	3
3807	COAD	cancer	L1	20
3807	COAD	cancer	SINE	2
A565	COAD	cancer	L1	5
A565	COAD	cancer	SINE	16
A566	COAD	cancer	L1	24
A566	COAD	cancer	SINE	15
A567	COAD	cancer	L1	28
A567	COAD	cancer	SINE	1
6601	COAD	cancer	L1	7
6601	COAD	cancer	SINE	1
6141	COAD	cancer	L1	8
6141	COAD	cancer	SINE	1
3685	COAD	cancer	L1	2
3685	COAD	cancer	SINE	1
6781	COAD	cancer	L1	18
6781	COAD	cancer	SINE	2
3555	COAD	cancer	L1	4
3555	COAD	cancer	SINE	0
3518	COAD	cancer	L1	80
3518	COAD	cancer	SINE	0
A54L	COAD	cancer	L1	25
A54L	COAD	cancer	SINE	14
A00R	COAD	cancer	L1	1
A00R	COAD	cancer	SINE	0
3514	COAD	cancer	L1	14
3514	COAD	cancer	SINE	0
A00N	COAD	cancer	L1	1
A00N	COAD	cancer	SINE	0
3977	COAD	cancer	L1	28
3977	COAD	cancer	SINE	1
A5EK	COAD	cancer	L1	19
A5EK	COAD	cancer	SINE	9
3994	COAD	cancer	L1	2
3994	COAD	cancer	SINE	0
2681	COAD	cancer	L1	3
2681	COAD	cancer	SINE	0
2683	COAD	cancer	L1	6
2683	COAD	cancer	SINE	0
3664	COAD	cancer	L1	29
3664	COAD	cancer	SINE	0
3666	COAD	cancer	L1	3
3666	COAD	cancer	SINE	0
4315	COAD	cancer	L1	94
4315	COAD	cancer	SINE	64
A02O	COAD	cancer	L1	70
A02O	COAD	cancer	SINE	0
3956	COAD	cancer	L1	28
3956	COAD	cancer	SINE	0
6718	COAD	cancer	L1	2
6718	COAD	cancer	SINE	3
A50V	COAD	cancer	L1	16
A50V	COAD	cancer	SINE	7
A02Y	COAD	cancer	L1	1
A02Y	COAD	cancer	SINE	0
A5Z1	COAD	cancer	L1	77
A5Z1	COAD	cancer	SINE	2
A5Z2	COAD	cancer	L1	96
A5Z2	COAD	cancer	SINE	6
3529	COAD	cancer	L1	178
3529	COAD	cancer	SINE	0
A5YW	COAD	cancer	L1	111
A5YW	COAD	cancer	SINE	3
A5YV	COAD	cancer	L1	37
A5YV	COAD	cancer	SINE	1
A01X	COAD	cancer	L1	14
A01X	COAD	cancer	SINE	0
A50T	COAD	cancer	L1	12
A50T	COAD	cancer	SINE	3
A01T	COAD	cancer	L1	5
A01T	COAD	cancer	SINE	0
A01V	COAD	cancer	L1	2
A01V	COAD	cancer	SINE	0
A5YX	COAD	cancer	L1	33
A5YX	COAD	cancer	SINE	20
A01R	COAD	cancer	L1	4
A01R	COAD	cancer	SINE	0
A01S	COAD	cancer	L1	7
A01S	COAD	cancer	SINE	2
A56B	COAD	cancer	L1	75
A56B	COAD	cancer	SINE	19
A03F	COAD	cancer	L1	0
A03F	COAD	cancer	SINE	0
3534	COAD	cancer	L1	3
3534	COAD	cancer	SINE	0
8052	LUSC	normal	L1	0
8052	LUSC	normal	SINE	0
3920	LUSC	normal	L1	0
3920	LUSC	normal	SINE	0
2711	LUSC	normal	L1	1
2711	LUSC	normal	SINE	0
7812	LUSC	normal	L1	0
7812	LUSC	normal	SINE	1
8250	LUSC	normal	L1	0
8250	LUSC	normal	SINE	6
4721	LUSC	normal	L1	0
4721	LUSC	normal	SINE	0
2719	LUSC	normal	L1	0
2719	LUSC	normal	SINE	1
5240	LUSC	normal	L1	1
5240	LUSC	normal	SINE	0
7139	LUSC	normal	L1	1
7139	LUSC	normal	SINE	0
5477	LUSC	normal	L1	1
5477	LUSC	normal	SINE	0
3415	LUSC	normal	L1	0
3415	LUSC	normal	SINE	0
6843	LUSC	normal	L1	1
6843	LUSC	normal	SINE	0
8277	LUSC	normal	L1	1
8277	LUSC	normal	SINE	1
1083	LUSC	normal	L1	158
1083	LUSC	normal	SINE	58
5492	LUSC	normal	L1	0
5492	LUSC	normal	SINE	0
1082	LUSC	normal	L1	1
1082	LUSC	normal	SINE	0
1078	LUSC	normal	L1	8
1078	LUSC	normal	SINE	1
1076	LUSC	normal	L1	6
1076	LUSC	normal	SINE	4
2789	LUSC	normal	L1	0
2789	LUSC	normal	SINE	0
2744	LUSC	normal	L1	1
2744	LUSC	normal	SINE	3
5782	LUSC	normal	L1	1
5782	LUSC	normal	SINE	0
7755	LUSC	normal	L1	0
7755	LUSC	normal	SINE	0
1016	LUSC	normal	L1	169
1016	LUSC	normal	SINE	2
2726	LUSC	normal	L1	4
2726	LUSC	normal	SINE	0
2724	LUSC	normal	L1	42
2724	LUSC	normal	SINE	0
2600	LUSC	normal	L1	1
2600	LUSC	normal	SINE	1
2722	LUSC	normal	L1	1
2722	LUSC	normal	SINE	0
8064	LUSC	normal	L1	0
8064	LUSC	normal	SINE	2
2766	LUSC	normal	L1	1
2766	LUSC	normal	SINE	0
5670	LUSC	normal	L1	0
5670	LUSC	normal	SINE	0
7943	LUSC	normal	L1	0
7943	LUSC	normal	SINE	0
8022	LUSC	normal	L1	2
8022	LUSC	normal	SINE	1
3408	LUSC	normal	L1	0
3408	LUSC	normal	SINE	0
5485	LUSC	normal	L1	0
5485	LUSC	normal	SINE	0
1622	LUSC	normal	L1	0
1622	LUSC	normal	SINE	1
3394	LUSC	normal	L1	2
3394	LUSC	normal	SINE	0
4135	LUSC	normal	L1	0
4135	LUSC	normal	SINE	1
2756	LUSC	normal	L1	0
2756	LUSC	normal	SINE	0
2757	LUSC	normal	L1	1
2757	LUSC	normal	SINE	0
7767	LUSC	normal	L1	2
7767	LUSC	normal	SINE	1
2698	LUSC	normal	L1	0
2698	LUSC	normal	SINE	0
2695	LUSC	normal	L1	0
2695	LUSC	normal	SINE	1
7545	LUSC	normal	L1	0
7545	LUSC	normal	SINE	0
2759	LUSC	normal	L1	1
2759	LUSC	normal	SINE	0
8052	LUSC	cancer	L1	31
8052	LUSC	cancer	SINE	0
3920	LUSC	cancer	L1	186
3920	LUSC	cancer	SINE	1
2711	LUSC	cancer	L1	54
2711	LUSC	cancer	SINE	1
7812	LUSC	cancer	L1	2
7812	LUSC	cancer	SINE	1
8250	LUSC	cancer	L1	5
8250	LUSC	cancer	SINE	23
4721	LUSC	cancer	L1	35
4721	LUSC	cancer	SINE	4
2719	LUSC	cancer	L1	21
2719	LUSC	cancer	SINE	0
5240	LUSC	cancer	L1	48
5240	LUSC	cancer	SINE	0
7139	LUSC	cancer	L1	105
7139	LUSC	cancer	SINE	0
5477	LUSC	cancer	L1	51
5477	LUSC	cancer	SINE	1
3415	LUSC	cancer	L1	148
3415	LUSC	cancer	SINE	1
6843	LUSC	cancer	L1	28
6843	LUSC	cancer	SINE	2
8277	LUSC	cancer	L1	47
8277	LUSC	cancer	SINE	2
1083	LUSC	cancer	L1	44
1083	LUSC	cancer	SINE	8
5492	LUSC	cancer	L1	30
5492	LUSC	cancer	SINE	13
1082	LUSC	cancer	L1	1213
1082	LUSC	cancer	SINE	2
1078	LUSC	cancer	L1	1
1078	LUSC	cancer	SINE	0
1076	LUSC	cancer	L1	10
1076	LUSC	cancer	SINE	5
2789	LUSC	cancer	L1	5
2789	LUSC	cancer	SINE	8
2744	LUSC	cancer	L1	8
2744	LUSC	cancer	SINE	6
5782	LUSC	cancer	L1	32
5782	LUSC	cancer	SINE	6
7755	LUSC	cancer	L1	73
7755	LUSC	cancer	SINE	1
1016	LUSC	cancer	L1	5238
1016	LUSC	cancer	SINE	6
2726	LUSC	cancer	L1	52
2726	LUSC	cancer	SINE	6
2724	LUSC	cancer	L1	401
2724	LUSC	cancer	SINE	0
2600	LUSC	cancer	L1	4
2600	LUSC	cancer	SINE	1
2722	LUSC	cancer	L1	110
2722	LUSC	cancer	SINE	0
8064	LUSC	cancer	L1	29
8064	LUSC	cancer	SINE	0
2766	LUSC	cancer	L1	96
2766	LUSC	cancer	SINE	1
5670	LUSC	cancer	L1	10
5670	LUSC	cancer	SINE	4
7943	LUSC	cancer	L1	23
7943	LUSC	cancer	SINE	1
8022	LUSC	cancer	L1	10
8022	LUSC	cancer	SINE	2
3408	LUSC	cancer	L1	31
3408	LUSC	cancer	SINE	1
5485	LUSC	cancer	L1	62
5485	LUSC	cancer	SINE	10
1622	LUSC	cancer	L1	21
1622	LUSC	cancer	SINE	1
3394	LUSC	cancer	L1	34
3394	LUSC	cancer	SINE	5
4135	LUSC	cancer	L1	40
4135	LUSC	cancer	SINE	5
2756	LUSC	cancer	L1	17
2756	LUSC	cancer	SINE	1
2757	LUSC	cancer	L1	0
2757	LUSC	cancer	SINE	0
7767	LUSC	cancer	L1	16
7767	LUSC	cancer	SINE	1
2698	LUSC	cancer	L1	158
2698	LUSC	cancer	SINE	4
2695	LUSC	cancer	L1	0
2695	LUSC	cancer	SINE	0
7545	LUSC	cancer	L1	12
7545	LUSC	cancer	SINE	1
2759	LUSC	cancer	L1	239
2759	LUSC	cancer	SINE	2
1349	OV	normal	L1	0
1349	OV	normal	SINE	1
2290	OV	normal	L1	0
2290	OV	normal	SINE	0
1124	OV	normal	L1	1
1124	OV	normal	SINE	0
1347	OV	normal	L1	0
1347	OV	normal	SINE	2
1487	OV	normal	L1	1
1487	OV	normal	SINE	0
1514	OV	normal	L1	0
1514	OV	normal	SINE	0
2050	OV	normal	L1	0
2050	OV	normal	SINE	0
1632	OV	normal	L1	0
1632	OV	normal	SINE	1
0938	OV	normal	L1	0
0938	OV	normal	SINE	0
1419	OV	normal	L1	0
1419	OV	normal	SINE	0
0934	OV	normal	L1	1
0934	OV	normal	SINE	1
1614	OV	normal	L1	0
1614	OV	normal	SINE	1
0937	OV	normal	L1	0
0937	OV	normal	SINE	0
1548	OV	normal	L1	0
1548	OV	normal	SINE	0
1371	OV	normal	L1	1
1371	OV	normal	SINE	4
1110	OV	normal	L1	1
1110	OV	normal	SINE	2
0751	OV	normal	L1	0
0751	OV	normal	SINE	1
2400	OV	normal	L1	0
2400	OV	normal	SINE	0
0890	OV	normal	L1	0
0890	OV	normal	SINE	0
1118	OV	normal	L1	0
1118	OV	normal	SINE	1
1562	OV	normal	L1	0
1562	OV	normal	SINE	0
1466	OV	normal	L1	0
1466	OV	normal	SINE	0
1103	OV	normal	L1	4
1103	OV	normal	SINE	2
1331	OV	normal	L1	0
1331	OV	normal	SINE	0
1544	OV	normal	L1	1
1544	OV	normal	SINE	0
1319	OV	normal	L1	0
1319	OV	normal	SINE	0
1491	OV	normal	L1	2
1491	OV	normal	SINE	1
2045	OV	normal	L1	0
2045	OV	normal	SINE	0
1411	OV	normal	L1	0
1411	OV	normal	SINE	0
1634	OV	normal	L1	0
1634	OV	normal	SINE	0
0912	OV	normal	L1	0
0912	OV	normal	SINE	0
0723	OV	normal	L1	0
0723	OV	normal	SINE	0
1552	OV	normal	L1	1
1552	OV	normal	SINE	1
0727	OV	normal	L1	0
0727	OV	normal	SINE	3
1557	OV	normal	L1	1
1557	OV	normal	SINE	1
1558	OV	normal	L1	0
1558	OV	normal	SINE	0
2024	OV	normal	L1	1
2024	OV	normal	SINE	0
1367	OV	normal	L1	0
1367	OV	normal	SINE	1
2000	OV	normal	L1	0
2000	OV	normal	SINE	1
1477	OV	normal	L1	1
1477	OV	normal	SINE	0
2391	OV	normal	L1	0
2391	OV	normal	SINE	0
1666	OV	normal	L1	0
1666	OV	normal	SINE	2
1571	OV	normal	L1	0
1571	OV	normal	SINE	0
1570	OV	normal	L1	0
1570	OV	normal	SINE	2
0980	OV	normal	L1	0
0980	OV	normal	SINE	0
1574	OV	normal	L1	0
1574	OV	normal	SINE	1
1349	OV	cancer	L1	4
1349	OV	cancer	SINE	2
2290	OV	cancer	L1	5
2290	OV	cancer	SINE	5
1124	OV	cancer	L1	32
1124	OV	cancer	SINE	5
1347	OV	cancer	L1	23
1347	OV	cancer	SINE	2
1487	OV	cancer	L1	58
1487	OV	cancer	SINE	4
1514	OV	cancer	L1	12
1514	OV	cancer	SINE	1
2050	OV	cancer	L1	26
2050	OV	cancer	SINE	7
1632	OV	cancer	L1	15
1632	OV	cancer	SINE	4
0938	OV	cancer	L1	5
0938	OV	cancer	SINE	5
1419	OV	cancer	L1	7
1419	OV	cancer	SINE	1
0934	OV	cancer	L1	12
0934	OV	cancer	SINE	6
1614	OV	cancer	L1	4
1614	OV	cancer	SINE	7
0937	OV	cancer	L1	3
0937	OV	cancer	SINE	6
1548	OV	cancer	L1	2
1548	OV	cancer	SINE	4
1371	OV	cancer	L1	6
1371	OV	cancer	SINE	2
1110	OV	cancer	L1	8
1110	OV	cancer	SINE	13
0751	OV	cancer	L1	1
0751	OV	cancer	SINE	3
2400	OV	cancer	L1	18
2400	OV	cancer	SINE	6
0890	OV	cancer	L1	2
0890	OV	cancer	SINE	0
1118	OV	cancer	L1	17
1118	OV	cancer	SINE	3
1562	OV	cancer	L1	10
1562	OV	cancer	SINE	0
1466	OV	cancer	L1	7
1466	OV	cancer	SINE	2
1103	OV	cancer	L1	4
1103	OV	cancer	SINE	0
1331	OV	cancer	L1	8
1331	OV	cancer	SINE	2
1544	OV	cancer	L1	23
1544	OV	cancer	SINE	9
1319	OV	cancer	L1	0
1319	OV	cancer	SINE	1
1491	OV	cancer	L1	9
1491	OV	cancer	SINE	11
2045	OV	cancer	L1	6
2045	OV	cancer	SINE	1
1411	OV	cancer	L1	0
1411	OV	cancer	SINE	0
1634	OV	cancer	L1	6
1634	OV	cancer	SINE	1
0912	OV	cancer	L1	5
0912	OV	cancer	SINE	1
0723	OV	cancer	L1	1
0723	OV	cancer	SINE	0
1552	OV	cancer	L1	6
1552	OV	cancer	SINE	3
0727	OV	cancer	L1	0
0727	OV	cancer	SINE	6
1557	OV	cancer	L1	10
1557	OV	cancer	SINE	3
1558	OV	cancer	L1	34
1558	OV	cancer	SINE	1
2024	OV	cancer	L1	24
2024	OV	cancer	SINE	5
1367	OV	cancer	L1	3
1367	OV	cancer	SINE	3
2000	OV	cancer	L1	23
2000	OV	cancer	SINE	3
1477	OV	cancer	L1	4
1477	OV	cancer	SINE	0
2391	OV	cancer	L1	15
2391	OV	cancer	SINE	1
1666	OV	cancer	L1	20
1666	OV	cancer	SINE	7
1571	OV	cancer	L1	65
1571	OV	cancer	SINE	3
1570	OV	cancer	L1	15
1570	OV	cancer	SINE	3
0980	OV	cancer	L1	1
0980	OV	cancer	SINE	0
1574	OV	cancer	L1	6
1574	OV	cancer	SINE	2
A1KW	SARC	normal	L1	1
A1KW	SARC	normal	SINE	0
A48U	SARC	normal	L1	1
A48U	SARC	normal	SINE	1
A6IA	SARC	normal	L1	1
A6IA	SARC	normal	SINE	0
A3PN	SARC	normal	L1	0
A3PN	SARC	normal	SINE	0
A3KA	SARC	normal	L1	1
A3KA	SARC	normal	SINE	0
A47R	SARC	normal	L1	0
A47R	SARC	normal	SINE	0
A4AJ	SARC	normal	L1	0
A4AJ	SARC	normal	SINE	0
A1KU	SARC	normal	L1	0
A1KU	SARC	normal	SINE	0
A5W3	SARC	normal	L1	1
A5W3	SARC	normal	SINE	0
A48G	SARC	normal	L1	0
A48G	SARC	normal	SINE	1
A4EI	SARC	normal	L1	0
A4EI	SARC	normal	SINE	0
A4EK	SARC	normal	L1	1
A4EK	SARC	normal	SINE	2
A3U8	SARC	normal	L1	0
A3U8	SARC	normal	SINE	0
A1L2	SARC	normal	L1	0
A1L2	SARC	normal	SINE	0
A1L3	SARC	normal	L1	0
A1L3	SARC	normal	SINE	0
A1L0	SARC	normal	L1	0
A1L0	SARC	normal	SINE	0
A2J4	SARC	normal	L1	0
A2J4	SARC	normal	SINE	0
A3U7	SARC	normal	L1	0
A3U7	SARC	normal	SINE	1
A9GB	SARC	normal	L1	0
A9GB	SARC	normal	SINE	1
A3U5	SARC	normal	L1	0
A3U5	SARC	normal	SINE	0
A240	SARC	normal	L1	0
A240	SARC	normal	SINE	0
A3LS	SARC	normal	L1	0
A3LS	SARC	normal	SINE	0
A3LT	SARC	normal	L1	0
A3LT	SARC	normal	SINE	0
A3LU	SARC	normal	L1	0
A3LU	SARC	normal	SINE	0
A3LW	SARC	normal	L1	0
A3LW	SARC	normal	SINE	0
A3M1	SARC	normal	L1	0
A3M1	SARC	normal	SINE	1
A2QS	SARC	normal	L1	0
A2QS	SARC	normal	SINE	0
A3NJ	SARC	normal	L1	0
A3NJ	SARC	normal	SINE	0
A43Z	SARC	normal	L1	654
A43Z	SARC	normal	SINE	2
A3K7	SARC	normal	L1	1
A3K7	SARC	normal	SINE	0
A3M5	SARC	normal	L1	0
A3M5	SARC	normal	SINE	1
A3M4	SARC	normal	L1	0
A3M4	SARC	normal	SINE	0
A3U6	SARC	normal	L1	0
A3U6	SARC	normal	SINE	0
A95T	SARC	normal	L1	0
A95T	SARC	normal	SINE	0
A23R	SARC	normal	L1	0
A23R	SARC	normal	SINE	0
A6Z2	SARC	normal	L1	1
A6Z2	SARC	normal	SINE	0
A1KW	SARC	cancer	L1	11
A1KW	SARC	cancer	SINE	2
A48U	SARC	cancer	L1	2
A48U	SARC	cancer	SINE	5
A6IA	SARC	cancer	L1	11
A6IA	SARC	cancer	SINE	13
A3PN	SARC	cancer	L1	21
A3PN	SARC	cancer	SINE	26
A3KA	SARC	cancer	L1	9
A3KA	SARC	cancer	SINE	2
A47R	SARC	cancer	L1	3
A47R	SARC	cancer	SINE	3
A4AJ	SARC	cancer	L1	0
A4AJ	SARC	cancer	SINE	0
A1KU	SARC	cancer	L1	26
A1KU	SARC	cancer	SINE	5
A5W3	SARC	cancer	L1	1
A5W3	SARC	cancer	SINE	1
A48G	SARC	cancer	L1	4
A48G	SARC	cancer	SINE	3
A4EI	SARC	cancer	L1	2
A4EI	SARC	cancer	SINE	0
A4EK	SARC	cancer	L1	1
A4EK	SARC	cancer	SINE	1
A3U8	SARC	cancer	L1	0
A3U8	SARC	cancer	SINE	2
A1L2	SARC	cancer	L1	24
A1L2	SARC	cancer	SINE	3
A1L3	SARC	cancer	L1	5
A1L3	SARC	cancer	SINE	2
A1L0	SARC	cancer	L1	42
A1L0	SARC	cancer	SINE	11
A2J4	SARC	cancer	L1	7
A2J4	SARC	cancer	SINE	5
A3U7	SARC	cancer	L1	5
A3U7	SARC	cancer	SINE	0
A9GB	SARC	cancer	L1	3
A9GB	SARC	cancer	SINE	10
A3U5	SARC	cancer	L1	24
A3U5	SARC	cancer	SINE	2
A240	SARC	cancer	L1	17
A240	SARC	cancer	SINE	4
A3LS	SARC	cancer	L1	25
A3LS	SARC	cancer	SINE	3
A3LT	SARC	cancer	L1	15
A3LT	SARC	cancer	SINE	6
A3LU	SARC	cancer	L1	18
A3LU	SARC	cancer	SINE	8
A3LW	SARC	cancer	L1	12
A3LW	SARC	cancer	SINE	9
A3M1	SARC	cancer	L1	42
A3M1	SARC	cancer	SINE	13
A2QS	SARC	cancer	L1	89
A2QS	SARC	cancer	SINE	15
A3NJ	SARC	cancer	L1	0
A3NJ	SARC	cancer	SINE	1
A43Z	SARC	cancer	L1	6
A43Z	SARC	cancer	SINE	2
A3K7	SARC	cancer	L1	9
A3K7	SARC	cancer	SINE	5
A3M5	SARC	cancer	L1	1
A3M5	SARC	cancer	SINE	2
A3M4	SARC	cancer	L1	3
A3M4	SARC	cancer	SINE	1
A3U6	SARC	cancer	L1	10
A3U6	SARC	cancer	SINE	2
A95T	SARC	cancer	L1	2
A95T	SARC	cancer	SINE	6
A23R	SARC	cancer	L1	5
A23R	SARC	cancer	SINE	3
A6Z2	SARC	cancer	L1	9
A6Z2	SARC	cancer	SINE	18
3926	KIRP	normal	L1	0
3926	KIRP	normal	SINE	0
A5NF	KIRP	normal	L1	0
A5NF	KIRP	normal	SINE	1
3925	KIRP	normal	L1	0
3925	KIRP	normal	SINE	0
A560	KIRP	normal	L1	0
A560	KIRP	normal	SINE	1
A561	KIRP	normal	L1	0
A561	KIRP	normal	SINE	3
A562	KIRP	normal	L1	0
A562	KIRP	normal	SINE	2
A5NK	KIRP	normal	L1	0
A5NK	KIRP	normal	SINE	0
A5NL	KIRP	normal	L1	0
A5NL	KIRP	normal	SINE	0
4103	KIRP	normal	L1	0
4103	KIRP	normal	SINE	0
4104	KIRP	normal	L1	2
4104	KIRP	normal	SINE	1
A48D	KIRP	normal	L1	1
A48D	KIRP	normal	SINE	1
4617	KIRP	normal	L1	0
4617	KIRP	normal	SINE	0
3472	KIRP	normal	L1	1
3472	KIRP	normal	SINE	3
3473	KIRP	normal	L1	0
3473	KIRP	normal	SINE	0
A4EM	KIRP	normal	L1	0
A4EM	KIRP	normal	SINE	2
A4ZT	KIRP	normal	L1	0
A4ZT	KIRP	normal	SINE	0
A5NH	KIRP	normal	L1	0
A5NH	KIRP	normal	SINE	0
A5NI	KIRP	normal	L1	0
A5NI	KIRP	normal	SINE	0
A47N	KIRP	normal	L1	0
A47N	KIRP	normal	SINE	1
A47O	KIRP	normal	L1	0
A47O	KIRP	normal	SINE	2
A57E	KIRP	normal	L1	1
A57E	KIRP	normal	SINE	1
A59R	KIRP	normal	L1	0
A59R	KIRP	normal	SINE	0
4116	KIRP	normal	L1	2
4116	KIRP	normal	SINE	1
4117	KIRP	normal	L1	0
4117	KIRP	normal	SINE	0
4115	KIRP	normal	L1	2
4115	KIRP	normal	SINE	0
4113	KIRP	normal	L1	0
4113	KIRP	normal	SINE	0
A55W	KIRP	normal	L1	265
A55W	KIRP	normal	SINE	0
A55Z	KIRP	normal	L1	4
A55Z	KIRP	normal	SINE	0
A5NJ	KIRP	normal	L1	0
A5NJ	KIRP	normal	SINE	1
3467	KIRP	normal	L1	0
3467	KIRP	normal	SINE	1
3466	KIRP	normal	L1	0
3466	KIRP	normal	SINE	0
A40Y	KIRP	normal	L1	0
A40Y	KIRP	normal	SINE	0
A40X	KIRP	normal	L1	0
A40X	KIRP	normal	SINE	1
3468	KIRP	normal	L1	0
3468	KIRP	normal	SINE	0
A44B	KIRP	normal	L1	0
A44B	KIRP	normal	SINE	2
3926	KIRP	cancer	L1	1
3926	KIRP	cancer	SINE	0
A5NF	KIRP	cancer	L1	2
A5NF	KIRP	cancer	SINE	2
3925	KIRP	cancer	L1	1
3925	KIRP	cancer	SINE	4
A560	KIRP	cancer	L1	1
A560	KIRP	cancer	SINE	0
A561	KIRP	cancer	L1	3
A561	KIRP	cancer	SINE	1
A562	KIRP	cancer	L1	2
A562	KIRP	cancer	SINE	12
A5NK	KIRP	cancer	L1	0
A5NK	KIRP	cancer	SINE	2
A5NL	KIRP	cancer	L1	1
A5NL	KIRP	cancer	SINE	3
4103	KIRP	cancer	L1	1
4103	KIRP	cancer	SINE	4
4104	KIRP	cancer	L1	0
4104	KIRP	cancer	SINE	4
A48D	KIRP	cancer	L1	4
A48D	KIRP	cancer	SINE	15
4617	KIRP	cancer	L1	10
4617	KIRP	cancer	SINE	9
3472	KIRP	cancer	L1	1
3472	KIRP	cancer	SINE	9
3473	KIRP	cancer	L1	2
3473	KIRP	cancer	SINE	4
A4EM	KIRP	cancer	L1	1
A4EM	KIRP	cancer	SINE	1
A4ZT	KIRP	cancer	L1	0
A4ZT	KIRP	cancer	SINE	1
A5NH	KIRP	cancer	L1	1
A5NH	KIRP	cancer	SINE	0
A5NI	KIRP	cancer	L1	1
A5NI	KIRP	cancer	SINE	4
A47N	KIRP	cancer	L1	0
A47N	KIRP	cancer	SINE	5
A47O	KIRP	cancer	L1	1
A47O	KIRP	cancer	SINE	5
A57E	KIRP	cancer	L1	4
A57E	KIRP	cancer	SINE	3
A59R	KIRP	cancer	L1	0
A59R	KIRP	cancer	SINE	0
4116	KIRP	cancer	L1	4
4116	KIRP	cancer	SINE	3
4117	KIRP	cancer	L1	1
4117	KIRP	cancer	SINE	3
4115	KIRP	cancer	L1	0
4115	KIRP	cancer	SINE	0
4113	KIRP	cancer	L1	3
4113	KIRP	cancer	SINE	1
A55W	KIRP	cancer	L1	4
A55W	KIRP	cancer	SINE	2
A55Z	KIRP	cancer	L1	3
A55Z	KIRP	cancer	SINE	4
A5NJ	KIRP	cancer	L1	0
A5NJ	KIRP	cancer	SINE	5
3467	KIRP	cancer	L1	1
3467	KIRP	cancer	SINE	0
3466	KIRP	cancer	L1	4
3466	KIRP	cancer	SINE	1
A40Y	KIRP	cancer	L1	4
A40Y	KIRP	cancer	SINE	0
A40X	KIRP	cancer	L1	2
A40X	KIRP	cancer	SINE	2
3468	KIRP	cancer	L1	1
3468	KIRP	cancer	SINE	1
A44B	KIRP	cancer	L1	4
A44B	KIRP	cancer	SINE	2
5395	LGG	normal	L1	0
5395	LGG	normal	SINE	6
A61B	LGG	normal	L1	0
A61B	LGG	normal	SINE	0
7675	LGG	normal	L1	0
7675	LGG	normal	SINE	0
7013	LGG	normal	L1	3
7013	LGG	normal	SINE	1
A7CF	LGG	normal	L1	4
A7CF	LGG	normal	SINE	2
5319	LGG	normal	L1	1
5319	LGG	normal	SINE	0
7301	LGG	normal	L1	0
7301	LGG	normal	SINE	1
A7RK	LGG	normal	L1	1
A7RK	LGG	normal	SINE	1
7304	LGG	normal	L1	1
7304	LGG	normal	SINE	3
7695	LGG	normal	L1	0
7695	LGG	normal	SINE	0
A4MT	LGG	normal	L1	19
A4MT	LGG	normal	SINE	7
7264	LGG	normal	L1	1
7264	LGG	normal	SINE	0
5278	LGG	normal	L1	1
5278	LGG	normal	SINE	0
6665	LGG	normal	L1	0
6665	LGG	normal	SINE	0
6186	LGG	normal	L1	2
6186	LGG	normal	SINE	0
6669	LGG	normal	L1	1
6669	LGG	normal	SINE	0
5964	LGG	normal	L1	0
5964	LGG	normal	SINE	0
A669	LGG	normal	L1	6
A669	LGG	normal	SINE	3
6668	LGG	normal	L1	0
6668	LGG	normal	SINE	0
7009	LGG	normal	L1	0
7009	LGG	normal	SINE	0
7487	LGG	normal	L1	0
7487	LGG	normal	SINE	0
7486	LGG	normal	L1	0
7486	LGG	normal	SINE	0
6401	LGG	normal	L1	0
6401	LGG	normal	SINE	0
7602	LGG	normal	L1	0
7602	LGG	normal	SINE	0
5872	LGG	normal	L1	0
5872	LGG	normal	SINE	0
5318	LGG	normal	L1	1
5318	LGG	normal	SINE	0
7689	LGG	normal	L1	0
7689	LGG	normal	SINE	0
5395	LGG	cancer	L1	1
5395	LGG	cancer	SINE	1
A61B	LGG	cancer	L1	0
A61B	LGG	cancer	SINE	0
7675	LGG	cancer	L1	1
7675	LGG	cancer	SINE	12
7013	LGG	cancer	L1	0
7013	LGG	cancer	SINE	10
A7CF	LGG	cancer	L1	25
A7CF	LGG	cancer	SINE	6
5319	LGG	cancer	L1	0
5319	LGG	cancer	SINE	1
7301	LGG	cancer	L1	0
7301	LGG	cancer	SINE	1
A7RK	LGG	cancer	L1	9
A7RK	LGG	cancer	SINE	10
7304	LGG	cancer	L1	11
7304	LGG	cancer	SINE	7
7695	LGG	cancer	L1	0
7695	LGG	cancer	SINE	0
A4MT	LGG	cancer	L1	11
A4MT	LGG	cancer	SINE	5
7264	LGG	cancer	L1	0
7264	LGG	cancer	SINE	1
5278	LGG	cancer	L1	0
5278	LGG	cancer	SINE	0
6665	LGG	cancer	L1	0
6665	LGG	cancer	SINE	0
6186	LGG	cancer	L1	11
6186	LGG	cancer	SINE	10
6669	LGG	cancer	L1	5
6669	LGG	cancer	SINE	1
5964	LGG	cancer	L1	0
5964	LGG	cancer	SINE	0
A669	LGG	cancer	L1	7
A669	LGG	cancer	SINE	5
6668	LGG	cancer	L1	0
6668	LGG	cancer	SINE	0
7009	LGG	cancer	L1	0
7009	LGG	cancer	SINE	0
7487	LGG	cancer	L1	0
7487	LGG	cancer	SINE	0
7486	LGG	cancer	L1	1
7486	LGG	cancer	SINE	1
6401	LGG	cancer	L1	1
6401	LGG	cancer	SINE	1
7602	LGG	cancer	L1	0
7602	LGG	cancer	SINE	1
5872	LGG	cancer	L1	0
5872	LGG	cancer	SINE	0
5318	LGG	cancer	L1	1
5318	LGG	cancer	SINE	0
7689	LGG	cancer	L1	0
7689	LGG	cancer	SINE	0
2965	LAML	normal	L1	1
2965	LAML	normal	SINE	0
2964	LAML	normal	L1	0
2964	LAML	normal	SINE	0
2967	LAML	normal	L1	1
2967	LAML	normal	SINE	0
3011	LAML	normal	L1	35
3011	LAML	normal	SINE	0
2907	LAML	normal	L1	2
2907	LAML	normal	SINE	0
2906	LAML	normal	L1	0
2906	LAML	normal	SINE	0
2963	LAML	normal	L1	0
2963	LAML	normal	SINE	0
2968	LAML	normal	L1	0
2968	LAML	normal	SINE	0
3005	LAML	normal	L1	8
3005	LAML	normal	SINE	0
3007	LAML	normal	L1	0
3007	LAML	normal	SINE	0
3006	LAML	normal	L1	2
3006	LAML	normal	SINE	0
3001	LAML	normal	L1	15
3001	LAML	normal	SINE	1
3002	LAML	normal	L1	1
3002	LAML	normal	SINE	0
3009	LAML	normal	L1	1
3009	LAML	normal	SINE	0
3008	LAML	normal	L1	1
3008	LAML	normal	SINE	0
2989	LAML	normal	L1	0
2989	LAML	normal	SINE	0
2905	LAML	normal	L1	5
2905	LAML	normal	SINE	4
2982	LAML	normal	L1	269
2982	LAML	normal	SINE	2
2981	LAML	normal	L1	0
2981	LAML	normal	SINE	0
2980	LAML	normal	L1	5
2980	LAML	normal	SINE	7
2987	LAML	normal	L1	0
2987	LAML	normal	SINE	0
2986	LAML	normal	L1	0
2986	LAML	normal	SINE	0
2985	LAML	normal	L1	0
2985	LAML	normal	SINE	0
2984	LAML	normal	L1	0
2984	LAML	normal	SINE	0
2978	LAML	normal	L1	0
2978	LAML	normal	SINE	0
2979	LAML	normal	L1	2
2979	LAML	normal	SINE	0
2972	LAML	normal	L1	0
2972	LAML	normal	SINE	0
2973	LAML	normal	L1	0
2973	LAML	normal	SINE	0
2970	LAML	normal	L1	0
2970	LAML	normal	SINE	0
2971	LAML	normal	L1	0
2971	LAML	normal	SINE	0
2976	LAML	normal	L1	0
2976	LAML	normal	SINE	0
2977	LAML	normal	L1	0
2977	LAML	normal	SINE	0
2974	LAML	normal	L1	0
2974	LAML	normal	SINE	0
2975	LAML	normal	L1	0
2975	LAML	normal	SINE	0
2998	LAML	normal	L1	0
2998	LAML	normal	SINE	0
2999	LAML	normal	L1	0
2999	LAML	normal	SINE	0
2990	LAML	normal	L1	0
2990	LAML	normal	SINE	0
2991	LAML	normal	L1	0
2991	LAML	normal	SINE	0
2992	LAML	normal	L1	0
2992	LAML	normal	SINE	0
2993	LAML	normal	L1	0
2993	LAML	normal	SINE	0
2994	LAML	normal	L1	0
2994	LAML	normal	SINE	0
2995	LAML	normal	L1	0
2995	LAML	normal	SINE	0
2996	LAML	normal	L1	0
2996	LAML	normal	SINE	0
3012	LAML	normal	L1	0
3012	LAML	normal	SINE	0
2965	LAML	cancer	L1	0
2965	LAML	cancer	SINE	0
2964	LAML	cancer	L1	0
2964	LAML	cancer	SINE	0
2967	LAML	cancer	L1	0
2967	LAML	cancer	SINE	0
3011	LAML	cancer	L1	0
3011	LAML	cancer	SINE	0
2907	LAML	cancer	L1	0
2907	LAML	cancer	SINE	1
2906	LAML	cancer	L1	0
2906	LAML	cancer	SINE	0
2963	LAML	cancer	L1	0
2963	LAML	cancer	SINE	0
2968	LAML	cancer	L1	0
2968	LAML	cancer	SINE	0
3005	LAML	cancer	L1	2
3005	LAML	cancer	SINE	0
3007	LAML	cancer	L1	0
3007	LAML	cancer	SINE	0
3006	LAML	cancer	L1	0
3006	LAML	cancer	SINE	0
3001	LAML	cancer	L1	7
3001	LAML	cancer	SINE	1
3002	LAML	cancer	L1	0
3002	LAML	cancer	SINE	0
3009	LAML	cancer	L1	0
3009	LAML	cancer	SINE	0
3008	LAML	cancer	L1	1
3008	LAML	cancer	SINE	0
2989	LAML	cancer	L1	0
2989	LAML	cancer	SINE	0
2905	LAML	cancer	L1	3
2905	LAML	cancer	SINE	1
2982	LAML	cancer	L1	0
2982	LAML	cancer	SINE	0
2981	LAML	cancer	L1	0
2981	LAML	cancer	SINE	0
2980	LAML	cancer	L1	0
2980	LAML	cancer	SINE	0
2987	LAML	cancer	L1	0
2987	LAML	cancer	SINE	0
2986	LAML	cancer	L1	0
2986	LAML	cancer	SINE	0
2985	LAML	cancer	L1	1
2985	LAML	cancer	SINE	1
2984	LAML	cancer	L1	0
2984	LAML	cancer	SINE	0
2978	LAML	cancer	L1	0
2978	LAML	cancer	SINE	0
2979	LAML	cancer	L1	0
2979	LAML	cancer	SINE	0
2972	LAML	cancer	L1	0
2972	LAML	cancer	SINE	0
2973	LAML	cancer	L1	0
2973	LAML	cancer	SINE	0
2970	LAML	cancer	L1	0
2970	LAML	cancer	SINE	0
2971	LAML	cancer	L1	0
2971	LAML	cancer	SINE	0
2976	LAML	cancer	L1	1
2976	LAML	cancer	SINE	0
2977	LAML	cancer	L1	0
2977	LAML	cancer	SINE	0
2974	LAML	cancer	L1	0
2974	LAML	cancer	SINE	0
2975	LAML	cancer	L1	0
2975	LAML	cancer	SINE	0
2998	LAML	cancer	L1	0
2998	LAML	cancer	SINE	0
2999	LAML	cancer	L1	0
2999	LAML	cancer	SINE	0
2990	LAML	cancer	L1	0
2990	LAML	cancer	SINE	0
2991	LAML	cancer	L1	1
2991	LAML	cancer	SINE	0
2992	LAML	cancer	L1	0
2992	LAML	cancer	SINE	0
2993	LAML	cancer	L1	0
2993	LAML	cancer	SINE	0
2994	LAML	cancer	L1	0
2994	LAML	cancer	SINE	0
2995	LAML	cancer	L1	0
2995	LAML	cancer	SINE	0
2996	LAML	cancer	L1	1
2996	LAML	cancer	SINE	0
3012	LAML	cancer	L1	0
3012	LAML	cancer	SINE	0
5763	PRAD	normal	L1	0
5763	PRAD	normal	SINE	0
7740	PRAD	normal	L1	32
7740	PRAD	normal	SINE	0
7791	PRAD	normal	L1	0
7791	PRAD	normal	SINE	0
7169	PRAD	normal	L1	0
7169	PRAD	normal	SINE	0
7079	PRAD	normal	L1	0
7079	PRAD	normal	SINE	0
5506	PRAD	normal	L1	0
5506	PRAD	normal	SINE	0
5788	PRAD	normal	L1	0
5788	PRAD	normal	SINE	0
8258	PRAD	normal	L1	0
8258	PRAD	normal	SINE	0
5789	PRAD	normal	L1	0
5789	PRAD	normal	SINE	0
7522	PRAD	normal	L1	0
7522	PRAD	normal	SINE	0
6370	PRAD	normal	L1	0
6370	PRAD	normal	SINE	0
6336	PRAD	normal	L1	0
6336	PRAD	normal	SINE	0
5750	PRAD	normal	L1	0
5750	PRAD	normal	SINE	0
7233	PRAD	normal	L1	0
7233	PRAD	normal	SINE	0
7744	PRAD	normal	L1	1230
7744	PRAD	normal	SINE	86
7075	PRAD	normal	L1	0
7075	PRAD	normal	SINE	0
5771	PRAD	normal	L1	0
5771	PRAD	normal	SINE	0
7737	PRAD	normal	L1	0
7737	PRAD	normal	SINE	0
5503	PRAD	normal	L1	0
5503	PRAD	normal	SINE	0
6365	PRAD	normal	L1	0
6365	PRAD	normal	SINE	0
5763	PRAD	cancer	L1	0
5763	PRAD	cancer	SINE	0
7740	PRAD	cancer	L1	1
7740	PRAD	cancer	SINE	0
7791	PRAD	cancer	L1	1
7791	PRAD	cancer	SINE	0
7169	PRAD	cancer	L1	3
7169	PRAD	cancer	SINE	2
7079	PRAD	cancer	L1	0
7079	PRAD	cancer	SINE	0
5506	PRAD	cancer	L1	0
5506	PRAD	cancer	SINE	0
5788	PRAD	cancer	L1	19
5788	PRAD	cancer	SINE	2
8258	PRAD	cancer	L1	2
8258	PRAD	cancer	SINE	0
5789	PRAD	cancer	L1	0
5789	PRAD	cancer	SINE	1
7522	PRAD	cancer	L1	1
7522	PRAD	cancer	SINE	0
6370	PRAD	cancer	L1	0
6370	PRAD	cancer	SINE	1
6336	PRAD	cancer	L1	1
6336	PRAD	cancer	SINE	0
5750	PRAD	cancer	L1	1
5750	PRAD	cancer	SINE	0
7233	PRAD	cancer	L1	1
7233	PRAD	cancer	SINE	0
7744	PRAD	cancer	L1	3
7744	PRAD	cancer	SINE	0
7075	PRAD	cancer	L1	4
7075	PRAD	cancer	SINE	0
5771	PRAD	cancer	L1	1
5771	PRAD	cancer	SINE	1
7737	PRAD	cancer	L1	1
7737	PRAD	cancer	SINE	2
5503	PRAD	cancer	L1	0
5503	PRAD	cancer	SINE	0
6365	PRAD	cancer	L1	2
6365	PRAD	cancer	SINE	2
8171	LUAD	normal	L1	2
8171	LUAD	normal	SINE	2
2659	LUAD	normal	L1	0
2659	LUAD	normal	SINE	0
3772	LUAD	normal	L1	1
3772	LUAD	normal	SINE	0
6986	LUAD	normal	L1	0
6986	LUAD	normal	SINE	2
6984	LUAD	normal	L1	0
6984	LUAD	normal	SINE	1
7281	LUAD	normal	L1	0
7281	LUAD	normal	SINE	0
7030	LUAD	normal	L1	0
7030	LUAD	normal	SINE	1
4630	LUAD	normal	L1	1
4630	LUAD	normal	SINE	0
6742	LUAD	normal	L1	1
6742	LUAD	normal	SINE	2
8299	LUAD	normal	L1	0
8299	LUAD	normal	SINE	2
6148	LUAD	normal	L1	1
6148	LUAD	normal	SINE	1
4659	LUAD	normal	L1	0
4659	LUAD	normal	SINE	2
6591	LUAD	normal	L1	1
6591	LUAD	normal	SINE	1
4389	LUAD	normal	L1	0
4389	LUAD	normal	SINE	1
7158	LUAD	normal	L1	0
7158	LUAD	normal	SINE	1
4512	LUAD	normal	L1	0
4512	LUAD	normal	SINE	0
7156	LUAD	normal	L1	1061
7156	LUAD	normal	SINE	4325
4510	LUAD	normal	L1	0
4510	LUAD	normal	SINE	2
6597	LUAD	normal	L1	2
6597	LUAD	normal	SINE	0
2666	LUAD	normal	L1	0
2666	LUAD	normal	SINE	0
2665	LUAD	normal	L1	2
2665	LUAD	normal	SINE	0
1678	LUAD	normal	L1	0
1678	LUAD	normal	SINE	0
6203	LUAD	normal	L1	2
6203	LUAD	normal	SINE	1
5066	LUAD	normal	L1	1
5066	LUAD	normal	SINE	7
6972	LUAD	normal	L1	0
6972	LUAD	normal	SINE	1
3771	LUAD	normal	L1	0
3771	LUAD	normal	SINE	0
5147	LUAD	normal	L1	0
5147	LUAD	normal	SINE	1
4432	LUAD	normal	L1	0
4432	LUAD	normal	SINE	1
1594	LUAD	normal	L1	0
1594	LUAD	normal	SINE	0
1596	LUAD	normal	L1	3
1596	LUAD	normal	SINE	1
4628	LUAD	normal	L1	0
4628	LUAD	normal	SINE	0
6840	LUAD	normal	L1	0
6840	LUAD	normal	SINE	1
6847	LUAD	normal	L1	0
6847	LUAD	normal	SINE	0
4398	LUAD	normal	L1	0
4398	LUAD	normal	SINE	0
5429	LUAD	normal	L1	0
5429	LUAD	normal	SINE	1
4422	LUAD	normal	L1	0
4422	LUAD	normal	SINE	0
4420	LUAD	normal	L1	0
4420	LUAD	normal	SINE	0
4395	LUAD	normal	L1	0
4395	LUAD	normal	SINE	2
4396	LUAD	normal	L1	0
4396	LUAD	normal	SINE	0
4397	LUAD	normal	L1	0
4397	LUAD	normal	SINE	2
1680	LUAD	normal	L1	1
1680	LUAD	normal	SINE	1
4486	LUAD	normal	L1	1
4486	LUAD	normal	SINE	1
5932	LUAD	normal	L1	0
5932	LUAD	normal	SINE	0
5930	LUAD	normal	L1	1
5930	LUAD	normal	SINE	0
4666	LUAD	normal	L1	7
4666	LUAD	normal	SINE	0
8171	LUAD	cancer	L1	7
8171	LUAD	cancer	SINE	5
2659	LUAD	cancer	L1	0
2659	LUAD	cancer	SINE	1
3772	LUAD	cancer	L1	2
3772	LUAD	cancer	SINE	0
6986	LUAD	cancer	L1	1
6986	LUAD	cancer	SINE	0
6984	LUAD	cancer	L1	0
6984	LUAD	cancer	SINE	0
7281	LUAD	cancer	L1	0
7281	LUAD	cancer	SINE	0
7030	LUAD	cancer	L1	0
7030	LUAD	cancer	SINE	0
4630	LUAD	cancer	L1	1450
4630	LUAD	cancer	SINE	9
6742	LUAD	cancer	L1	8
6742	LUAD	cancer	SINE	7
8299	LUAD	cancer	L1	1
8299	LUAD	cancer	SINE	3
6148	LUAD	cancer	L1	0
6148	LUAD	cancer	SINE	0
4659	LUAD	cancer	L1	0
4659	LUAD	cancer	SINE	3
6591	LUAD	cancer	L1	2
6591	LUAD	cancer	SINE	0
4389	LUAD	cancer	L1	0
4389	LUAD	cancer	SINE	1
7158	LUAD	cancer	L1	2
7158	LUAD	cancer	SINE	1
4512	LUAD	cancer	L1	0
4512	LUAD	cancer	SINE	3
7156	LUAD	cancer	L1	1
7156	LUAD	cancer	SINE	0
4510	LUAD	cancer	L1	0
4510	LUAD	cancer	SINE	9
6597	LUAD	cancer	L1	1
6597	LUAD	cancer	SINE	3
2666	LUAD	cancer	L1	293
2666	LUAD	cancer	SINE	2
2665	LUAD	cancer	L1	918
2665	LUAD	cancer	SINE	0
1678	LUAD	cancer	L1	1
1678	LUAD	cancer	SINE	0
6203	LUAD	cancer	L1	3460
6203	LUAD	cancer	SINE	127
5066	LUAD	cancer	L1	4278
5066	LUAD	cancer	SINE	5324
6972	LUAD	cancer	L1	4
6972	LUAD	cancer	SINE	1
3771	LUAD	cancer	L1	11
3771	LUAD	cancer	SINE	4
5147	LUAD	cancer	L1	47
5147	LUAD	cancer	SINE	2
4432	LUAD	cancer	L1	0
4432	LUAD	cancer	SINE	4
1594	LUAD	cancer	L1	11
1594	LUAD	cancer	SINE	1
1596	LUAD	cancer	L1	1
1596	LUAD	cancer	SINE	0
4628	LUAD	cancer	L1	11
4628	LUAD	cancer	SINE	2
6840	LUAD	cancer	L1	6
6840	LUAD	cancer	SINE	0
6847	LUAD	cancer	L1	5
6847	LUAD	cancer	SINE	0
4398	LUAD	cancer	L1	3
4398	LUAD	cancer	SINE	0
5429	LUAD	cancer	L1	16
5429	LUAD	cancer	SINE	1
4422	LUAD	cancer	L1	131
4422	LUAD	cancer	SINE	4
4420	LUAD	cancer	L1	4
4420	LUAD	cancer	SINE	1
4395	LUAD	cancer	L1	2
4395	LUAD	cancer	SINE	1
4396	LUAD	cancer	L1	17
4396	LUAD	cancer	SINE	0
4397	LUAD	cancer	L1	18
4397	LUAD	cancer	SINE	1
1680	LUAD	cancer	L1	1400
1680	LUAD	cancer	SINE	3
4486	LUAD	cancer	L1	2
4486	LUAD	cancer	SINE	3
5932	LUAD	cancer	L1	1
5932	LUAD	cancer	SINE	1
5930	LUAD	cancer	L1	0
5930	LUAD	cancer	SINE	0
4666	LUAD	cancer	L1	18
4666	LUAD	cancer	SINE	3
A08L	BRCA	normal	L1	0
A08L	BRCA	normal	SINE	0
A0SM	BRCA	normal	L1	0
A0SM	BRCA	normal	SINE	0
A130	BRCA	normal	L1	0
A130	BRCA	normal	SINE	0
A0D2	BRCA	normal	L1	0
A0D2	BRCA	normal	SINE	1
A0D1	BRCA	normal	L1	0
A0D1	BRCA	normal	SINE	0
A0D0	BRCA	normal	L1	0
A0D0	BRCA	normal	SINE	3
A0D4	BRCA	normal	L1	0
A0D4	BRCA	normal	SINE	4
A07I	BRCA	normal	L1	0
A07I	BRCA	normal	SINE	0
A3Y0	BRCA	normal	L1	0
A3Y0	BRCA	normal	SINE	1
A1LK	BRCA	normal	L1	0
A1LK	BRCA	normal	SINE	3
A1LL	BRCA	normal	L1	0
A1LL	BRCA	normal	SINE	1
A0DT	BRCA	normal	L1	0
A0DT	BRCA	normal	SINE	1
A1LG	BRCA	normal	L1	0
A1LG	BRCA	normal	SINE	3
A109	BRCA	normal	L1	0
A109	BRCA	normal	SINE	0
A0DG	BRCA	normal	L1	0
A0DG	BRCA	normal	SINE	0
A0G0	BRCA	normal	L1	0
A0G0	BRCA	normal	SINE	0
A13D	BRCA	normal	L1	1
A13D	BRCA	normal	SINE	6
A03N	BRCA	normal	L1	0
A03N	BRCA	normal	SINE	0
A03L	BRCA	normal	L1	0
A03L	BRCA	normal	SINE	0
A0I1	BRCA	normal	L1	0
A0I1	BRCA	normal	SINE	1
A0I2	BRCA	normal	L1	2
A0I2	BRCA	normal	SINE	9
A1PB	BRCA	normal	L1	0
A1PB	BRCA	normal	SINE	2
A1PC	BRCA	normal	L1	2
A1PC	BRCA	normal	SINE	4
A3KC	BRCA	normal	L1	1
A3KC	BRCA	normal	SINE	3
A0AT	BRCA	normal	L1	0
A0AT	BRCA	normal	SINE	1
A0AV	BRCA	normal	L1	0
A0AV	BRCA	normal	SINE	2
A0WA	BRCA	normal	L1	0
A0WA	BRCA	normal	SINE	0
A1PH	BRCA	normal	L1	0
A1PH	BRCA	normal	SINE	1
A1J5	BRCA	normal	L1	0
A1J5	BRCA	normal	SINE	0
A0H6	BRCA	normal	L1	0
A0H6	BRCA	normal	SINE	2
A0YG	BRCA	normal	L1	0
A0YG	BRCA	normal	SINE	0
A0WX	BRCA	normal	L1	0
A0WX	BRCA	normal	SINE	0
A0H0	BRCA	normal	L1	0
A0H0	BRCA	normal	SINE	0
A18U	BRCA	normal	L1	0
A18U	BRCA	normal	SINE	0
A18R	BRCA	normal	L1	0
A18R	BRCA	normal	SINE	0
A0IQ	BRCA	normal	L1	0
A0IQ	BRCA	normal	SINE	1
A1P8	BRCA	normal	L1	0
A1P8	BRCA	normal	SINE	0
A0X5	BRCA	normal	L1	0
A0X5	BRCA	normal	SINE	0
A09I	BRCA	normal	L1	0
A09I	BRCA	normal	SINE	0
A0IJ	BRCA	normal	L1	0
A0IJ	BRCA	normal	SINE	0
A0CM	BRCA	normal	L1	0
A0CM	BRCA	normal	SINE	1
A07B	BRCA	normal	L1	0
A07B	BRCA	normal	SINE	0
A2C9	BRCA	normal	L1	0
A2C9	BRCA	normal	SINE	0
A0CE	BRCA	normal	L1	1
A0CE	BRCA	normal	SINE	1
A1AY	BRCA	normal	L1	0
A1AY	BRCA	normal	SINE	0
A0RE	BRCA	normal	L1	5
A0RE	BRCA	normal	SINE	1
A0JM	BRCA	normal	L1	0
A0JM	BRCA	normal	SINE	0
A26G	BRCA	normal	L1	0
A26G	BRCA	normal	SINE	0
A0RU	BRCA	normal	L1	0
A0RU	BRCA	normal	SINE	0
A0RT	BRCA	normal	L1	2
A0RT	BRCA	normal	SINE	0
A14P	BRCA	normal	L1	0
A14P	BRCA	normal	SINE	0
A1FC	BRCA	normal	L1	2
A1FC	BRCA	normal	SINE	7
A14X	BRCA	normal	L1	0
A14X	BRCA	normal	SINE	5
A3U0	BRCA	normal	L1	0
A3U0	BRCA	normal	SINE	4
A2BK	BRCA	normal	L1	3
A2BK	BRCA	normal	SINE	4
A04D	BRCA	normal	L1	0
A04D	BRCA	normal	SINE	0
A04J	BRCA	normal	L1	0
A04J	BRCA	normal	SINE	0
A0J6	BRCA	normal	L1	0
A0J6	BRCA	normal	SINE	0
A0J2	BRCA	normal	L1	0
A0J2	BRCA	normal	SINE	1
A2LK	BRCA	normal	L1	0
A2LK	BRCA	normal	SINE	1
A04P	BRCA	normal	L1	2
A04P	BRCA	normal	SINE	5
A04T	BRCA	normal	L1	2
A04T	BRCA	normal	SINE	0
A04X	BRCA	normal	L1	0
A04X	BRCA	normal	SINE	0
A27H	BRCA	normal	L1	0
A27H	BRCA	normal	SINE	2
A094	BRCA	normal	L1	0
A094	BRCA	normal	SINE	0
A27F	BRCA	normal	L1	0
A27F	BRCA	normal	SINE	2
A075	BRCA	normal	L1	0
A075	BRCA	normal	SINE	0
A0XR	BRCA	normal	L1	0
A0XR	BRCA	normal	SINE	2
A256	BRCA	normal	L1	0
A256	BRCA	normal	SINE	1
A3XX	BRCA	normal	L1	1
A3XX	BRCA	normal	SINE	4
A0EY	BRCA	normal	L1	0
A0EY	BRCA	normal	SINE	1
A259	BRCA	normal	L1	1
A259	BRCA	normal	SINE	0
A3XL	BRCA	normal	L1	0
A3XL	BRCA	normal	SINE	2
A0EA	BRCA	normal	L1	0
A0EA	BRCA	normal	SINE	0
A092	BRCA	normal	L1	0
A092	BRCA	normal	SINE	0
A156	BRCA	normal	L1	0
A156	BRCA	normal	SINE	0
A152	BRCA	normal	L1	0
A152	BRCA	normal	SINE	0
A12H	BRCA	normal	L1	0
A12H	BRCA	normal	SINE	0
A12L	BRCA	normal	L1	0
A12L	BRCA	normal	SINE	0
A08B	BRCA	normal	L1	1
A08B	BRCA	normal	SINE	0
A0B3	BRCA	normal	L1	1
A0B3	BRCA	normal	SINE	0
A2DF	BRCA	normal	L1	1
A2DF	BRCA	normal	SINE	2
A0B9	BRCA	normal	L1	221
A0B9	BRCA	normal	SINE	1
A08S	BRCA	normal	L1	0
A08S	BRCA	normal	SINE	0
A0J4	BRCA	normal	L1	0
A0J4	BRCA	normal	SINE	0
A12Q	BRCA	normal	L1	0
A12Q	BRCA	normal	SINE	1
A0TX	BRCA	normal	L1	0
A0TX	BRCA	normal	SINE	0
A0BW	BRCA	normal	L1	0
A0BW	BRCA	normal	SINE	0
A1NH	BRCA	normal	L1	0
A1NH	BRCA	normal	SINE	0
A124	BRCA	normal	L1	1
A124	BRCA	normal	SINE	0
A0E0	BRCA	normal	L1	4
A0E0	BRCA	normal	SINE	2
A15H	BRCA	normal	L1	0
A15H	BRCA	normal	SINE	0
A15K	BRCA	normal	L1	0
A15K	BRCA	normal	SINE	0
A15E	BRCA	normal	L1	0
A15E	BRCA	normal	SINE	0
A04Q	BRCA	normal	L1	0
A04Q	BRCA	normal	SINE	0
A25B	BRCA	normal	L1	0
A25B	BRCA	normal	SINE	2
A09X	BRCA	normal	L1	0
A09X	BRCA	normal	SINE	0
A08L	BRCA	cancer	L1	0
A08L	BRCA	cancer	SINE	1
A0SM	BRCA	cancer	L1	1
A0SM	BRCA	cancer	SINE	1
A130	BRCA	cancer	L1	1
A130	BRCA	cancer	SINE	2
A0D2	BRCA	cancer	L1	22
A0D2	BRCA	cancer	SINE	1
A0D1	BRCA	cancer	L1	4
A0D1	BRCA	cancer	SINE	7
A0D0	BRCA	cancer	L1	2
A0D0	BRCA	cancer	SINE	4
A0D4	BRCA	cancer	L1	1
A0D4	BRCA	cancer	SINE	6
A07I	BRCA	cancer	L1	13
A07I	BRCA	cancer	SINE	3
A3Y0	BRCA	cancer	L1	3
A3Y0	BRCA	cancer	SINE	19
A1LK	BRCA	cancer	L1	3
A1LK	BRCA	cancer	SINE	10
A1LL	BRCA	cancer	L1	8
A1LL	BRCA	cancer	SINE	14
A0DT	BRCA	cancer	L1	0
A0DT	BRCA	cancer	SINE	3
A1LG	BRCA	cancer	L1	1
A1LG	BRCA	cancer	SINE	10
A109	BRCA	cancer	L1	9
A109	BRCA	cancer	SINE	1
A0DG	BRCA	cancer	L1	2
A0DG	BRCA	cancer	SINE	0
A0G0	BRCA	cancer	L1	17
A0G0	BRCA	cancer	SINE	0
A13D	BRCA	cancer	L1	5
A13D	BRCA	cancer	SINE	19
A03N	BRCA	cancer	L1	2
A03N	BRCA	cancer	SINE	1
A03L	BRCA	cancer	L1	14
A03L	BRCA	cancer	SINE	0
A0I1	BRCA	cancer	L1	13
A0I1	BRCA	cancer	SINE	4
A0I2	BRCA	cancer	L1	1
A0I2	BRCA	cancer	SINE	3
A1PB	BRCA	cancer	L1	3
A1PB	BRCA	cancer	SINE	11
A1PC	BRCA	cancer	L1	19
A1PC	BRCA	cancer	SINE	18
A3KC	BRCA	cancer	L1	0
A3KC	BRCA	cancer	SINE	3
A0AT	BRCA	cancer	L1	6
A0AT	BRCA	cancer	SINE	1
A0AV	BRCA	cancer	L1	0
A0AV	BRCA	cancer	SINE	13
A0WA	BRCA	cancer	L1	2
A0WA	BRCA	cancer	SINE	0
A1PH	BRCA	cancer	L1	6
A1PH	BRCA	cancer	SINE	4
A1J5	BRCA	cancer	L1	1
A1J5	BRCA	cancer	SINE	4
A0H6	BRCA	cancer	L1	16
A0H6	BRCA	cancer	SINE	4
A0YG	BRCA	cancer	L1	5
A0YG	BRCA	cancer	SINE	0
A0WX	BRCA	cancer	L1	5
A0WX	BRCA	cancer	SINE	0
A0H0	BRCA	cancer	L1	7
A0H0	BRCA	cancer	SINE	1
A18U	BRCA	cancer	L1	5
A18U	BRCA	cancer	SINE	0
A18R	BRCA	cancer	L1	4
A18R	BRCA	cancer	SINE	2
A0IQ	BRCA	cancer	L1	2
A0IQ	BRCA	cancer	SINE	0
A1P8	BRCA	cancer	L1	9
A1P8	BRCA	cancer	SINE	1
A0X5	BRCA	cancer	L1	12
A0X5	BRCA	cancer	SINE	1
A09I	BRCA	cancer	L1	4
A09I	BRCA	cancer	SINE	1
A0IJ	BRCA	cancer	L1	1739
A0IJ	BRCA	cancer	SINE	3
A0CM	BRCA	cancer	L1	3432
A0CM	BRCA	cancer	SINE	20
A07B	BRCA	cancer	L1	16
A07B	BRCA	cancer	SINE	3
A2C9	BRCA	cancer	L1	9
A2C9	BRCA	cancer	SINE	3
A0CE	BRCA	cancer	L1	1
A0CE	BRCA	cancer	SINE	1
A1AY	BRCA	cancer	L1	3
A1AY	BRCA	cancer	SINE	0
A0RE	BRCA	cancer	L1	2
A0RE	BRCA	cancer	SINE	0
A0JM	BRCA	cancer	L1	4
A0JM	BRCA	cancer	SINE	3
A26G	BRCA	cancer	L1	3
A26G	BRCA	cancer	SINE	3
A0RU	BRCA	cancer	L1	15
A0RU	BRCA	cancer	SINE	1
A0RT	BRCA	cancer	L1	786
A0RT	BRCA	cancer	SINE	25
A14P	BRCA	cancer	L1	2
A14P	BRCA	cancer	SINE	1
A1FC	BRCA	cancer	L1	5
A1FC	BRCA	cancer	SINE	10
A14X	BRCA	cancer	L1	2
A14X	BRCA	cancer	SINE	14
A3U0	BRCA	cancer	L1	6
A3U0	BRCA	cancer	SINE	11
A2BK	BRCA	cancer	L1	8
A2BK	BRCA	cancer	SINE	13
A04D	BRCA	cancer	L1	3
A04D	BRCA	cancer	SINE	1
A04J	BRCA	cancer	L1	244
A04J	BRCA	cancer	SINE	47
A0J6	BRCA	cancer	L1	249
A0J6	BRCA	cancer	SINE	1
A0J2	BRCA	cancer	L1	3
A0J2	BRCA	cancer	SINE	6
A2LK	BRCA	cancer	L1	0
A2LK	BRCA	cancer	SINE	2
A04P	BRCA	cancer	L1	85
A04P	BRCA	cancer	SINE	6
A04T	BRCA	cancer	L1	0
A04T	BRCA	cancer	SINE	1
A04X	BRCA	cancer	L1	9
A04X	BRCA	cancer	SINE	9
A27H	BRCA	cancer	L1	3
A27H	BRCA	cancer	SINE	4
A094	BRCA	cancer	L1	3
A094	BRCA	cancer	SINE	0
A27F	BRCA	cancer	L1	5
A27F	BRCA	cancer	SINE	3
A075	BRCA	cancer	L1	2
A075	BRCA	cancer	SINE	2
A0XR	BRCA	cancer	L1	2
A0XR	BRCA	cancer	SINE	2
A256	BRCA	cancer	L1	9
A256	BRCA	cancer	SINE	7
A3XX	BRCA	cancer	L1	1
A3XX	BRCA	cancer	SINE	7
A0EY	BRCA	cancer	L1	12
A0EY	BRCA	cancer	SINE	4
A259	BRCA	cancer	L1	2
A259	BRCA	cancer	SINE	12
A3XL	BRCA	cancer	L1	5
A3XL	BRCA	cancer	SINE	10
A0EA	BRCA	cancer	L1	1
A0EA	BRCA	cancer	SINE	0
A092	BRCA	cancer	L1	16
A092	BRCA	cancer	SINE	3
A156	BRCA	cancer	L1	0
A156	BRCA	cancer	SINE	0
A152	BRCA	cancer	L1	1
A152	BRCA	cancer	SINE	1
A12H	BRCA	cancer	L1	1
A12H	BRCA	cancer	SINE	1
A12L	BRCA	cancer	L1	21
A12L	BRCA	cancer	SINE	6
A08B	BRCA	cancer	L1	276
A08B	BRCA	cancer	SINE	11
A0B3	BRCA	cancer	L1	157
A0B3	BRCA	cancer	SINE	2
A2DF	BRCA	cancer	L1	0
A2DF	BRCA	cancer	SINE	8
A0B9	BRCA	cancer	L1	7
A0B9	BRCA	cancer	SINE	0
A08S	BRCA	cancer	L1	13
A08S	BRCA	cancer	SINE	3
A0J4	BRCA	cancer	L1	128
A0J4	BRCA	cancer	SINE	1
A12Q	BRCA	cancer	L1	7
A12Q	BRCA	cancer	SINE	3
A0TX	BRCA	cancer	L1	7
A0TX	BRCA	cancer	SINE	0
A0BW	BRCA	cancer	L1	2
A0BW	BRCA	cancer	SINE	1
A1NH	BRCA	cancer	L1	1
A1NH	BRCA	cancer	SINE	0
A124	BRCA	cancer	L1	30
A124	BRCA	cancer	SINE	2
A0E0	BRCA	cancer	L1	0
A0E0	BRCA	cancer	SINE	1
A15H	BRCA	cancer	L1	4
A15H	BRCA	cancer	SINE	0
A15K	BRCA	cancer	L1	2
A15K	BRCA	cancer	SINE	1
A15E	BRCA	cancer	L1	3
A15E	BRCA	cancer	SINE	5
A04Q	BRCA	cancer	L1	0
A04Q	BRCA	cancer	SINE	0
A25B	BRCA	cancer	L1	33
A25B	BRCA	cancer	SINE	3
A09X	BRCA	cancer	L1	0
A09X	BRCA	cancer	SINE	1
5010	KIRC	normal	L1	0
5010	KIRC	normal	SINE	0
4899	KIRC	normal	L1	0
4899	KIRC	normal	SINE	1
4327	KIRC	normal	L1	0
4327	KIRC	normal	SINE	0
3372	KIRC	normal	L1	0
3372	KIRC	normal	SINE	1
4101	KIRC	normal	L1	0
4101	KIRC	normal	SINE	0
4102	KIRC	normal	L1	0
4102	KIRC	normal	SINE	0
3324	KIRC	normal	L1	1
3324	KIRC	normal	SINE	1
3308	KIRC	normal	L1	0
3308	KIRC	normal	SINE	0
6087	KIRC	normal	L1	1
6087	KIRC	normal	SINE	0
4639	KIRC	normal	L1	1
4639	KIRC	normal	SINE	0
4781	KIRC	normal	L1	0
4781	KIRC	normal	SINE	0
3387	KIRC	normal	L1	0
3387	KIRC	normal	SINE	1
5585	KIRC	normal	L1	0
5585	KIRC	normal	SINE	0
3454	KIRC	normal	L1	0
3454	KIRC	normal	SINE	0
4807	KIRC	normal	L1	0
4807	KIRC	normal	SINE	0
5566	KIRC	normal	L1	3
5566	KIRC	normal	SINE	0
5453	KIRC	normal	L1	0
5453	KIRC	normal	SINE	2
5094	KIRC	normal	L1	0
5094	KIRC	normal	SINE	1
5987	KIRC	normal	L1	0
5987	KIRC	normal	SINE	0
3363	KIRC	normal	L1	1
3363	KIRC	normal	SINE	2
4968	KIRC	normal	L1	0
4968	KIRC	normal	SINE	0
5681	KIRC	normal	L1	0
5681	KIRC	normal	SINE	0
5682	KIRC	normal	L1	0
5682	KIRC	normal	SINE	0
5168	KIRC	normal	L1	1
5168	KIRC	normal	SINE	3
4099	KIRC	normal	L1	0
4099	KIRC	normal	SINE	0
4885	KIRC	normal	L1	0
4885	KIRC	normal	SINE	0
6093	KIRC	normal	L1	1
6093	KIRC	normal	SINE	0
3428	KIRC	normal	L1	0
3428	KIRC	normal	SINE	0
4870	KIRC	normal	L1	0
4870	KIRC	normal	SINE	0
4918	KIRC	normal	L1	0
4918	KIRC	normal	SINE	1
3455	KIRC	normal	L1	0
3455	KIRC	normal	SINE	0
4878	KIRC	normal	L1	0
4878	KIRC	normal	SINE	0
4977	KIRC	normal	L1	0
4977	KIRC	normal	SINE	0
5010	KIRC	cancer	L1	0
5010	KIRC	cancer	SINE	0
4899	KIRC	cancer	L1	2
4899	KIRC	cancer	SINE	1
4327	KIRC	cancer	L1	1
4327	KIRC	cancer	SINE	0
3372	KIRC	cancer	L1	0
3372	KIRC	cancer	SINE	2
4101	KIRC	cancer	L1	0
4101	KIRC	cancer	SINE	1
4102	KIRC	cancer	L1	1
4102	KIRC	cancer	SINE	0
3324	KIRC	cancer	L1	0
3324	KIRC	cancer	SINE	0
3308	KIRC	cancer	L1	0
3308	KIRC	cancer	SINE	0
6087	KIRC	cancer	L1	0
6087	KIRC	cancer	SINE	0
4639	KIRC	cancer	L1	0
4639	KIRC	cancer	SINE	0
4781	KIRC	cancer	L1	1
4781	KIRC	cancer	SINE	0
3387	KIRC	cancer	L1	0
3387	KIRC	cancer	SINE	0
5585	KIRC	cancer	L1	1
5585	KIRC	cancer	SINE	0
3454	KIRC	cancer	L1	0
3454	KIRC	cancer	SINE	0
4807	KIRC	cancer	L1	1
4807	KIRC	cancer	SINE	0
5566	KIRC	cancer	L1	0
5566	KIRC	cancer	SINE	0
5453	KIRC	cancer	L1	1
5453	KIRC	cancer	SINE	0
5094	KIRC	cancer	L1	0
5094	KIRC	cancer	SINE	0
5987	KIRC	cancer	L1	0
5987	KIRC	cancer	SINE	0
3363	KIRC	cancer	L1	3
3363	KIRC	cancer	SINE	3
4968	KIRC	cancer	L1	1
4968	KIRC	cancer	SINE	1
5681	KIRC	cancer	L1	43
5681	KIRC	cancer	SINE	8
5682	KIRC	cancer	L1	0
5682	KIRC	cancer	SINE	2
5168	KIRC	cancer	L1	0
5168	KIRC	cancer	SINE	0
4099	KIRC	cancer	L1	4
4099	KIRC	cancer	SINE	3
4885	KIRC	cancer	L1	0
4885	KIRC	cancer	SINE	1
6093	KIRC	cancer	L1	0
6093	KIRC	cancer	SINE	0
3428	KIRC	cancer	L1	0
3428	KIRC	cancer	SINE	0
4870	KIRC	cancer	L1	0
4870	KIRC	cancer	SINE	0
4918	KIRC	cancer	L1	1
4918	KIRC	cancer	SINE	4
3455	KIRC	cancer	L1	0
3455	KIRC	cancer	SINE	0
4878	KIRC	cancer	L1	2
4878	KIRC	cancer	SINE	1
4977	KIRC	cancer	L1	2
4977	KIRC	cancer	SINE	1
8426	KICH	normal	L1	0
8426	KICH	normal	SINE	1
8427	KICH	normal	L1	0
8427	KICH	normal	SINE	0
8424	KICH	normal	L1	0
8424	KICH	normal	SINE	0
8425	KICH	normal	L1	0
8425	KICH	normal	SINE	0
8422	KICH	normal	L1	0
8422	KICH	normal	SINE	0
8421	KICH	normal	L1	0
8421	KICH	normal	SINE	0
8428	KICH	normal	L1	0
8428	KICH	normal	SINE	1
8429	KICH	normal	L1	1
8429	KICH	normal	SINE	1
8409	KICH	normal	L1	1
8409	KICH	normal	SINE	1
8440	KICH	normal	L1	1
8440	KICH	normal	SINE	5
8441	KICH	normal	L1	0
8441	KICH	normal	SINE	0
8442	KICH	normal	L1	0
8442	KICH	normal	SINE	0
8443	KICH	normal	L1	1
8443	KICH	normal	SINE	1
8343	KICH	normal	L1	0
8343	KICH	normal	SINE	0
8342	KICH	normal	L1	0
8342	KICH	normal	SINE	0
8341	KICH	normal	L1	1
8341	KICH	normal	SINE	4
8411	KICH	normal	L1	0
8411	KICH	normal	SINE	0
8323	KICH	normal	L1	1
8323	KICH	normal	SINE	1
8344	KICH	normal	L1	0
8344	KICH	normal	SINE	0
8346	KICH	normal	L1	0
8346	KICH	normal	SINE	4
8406	KICH	normal	L1	1
8406	KICH	normal	SINE	0
8327	KICH	normal	L1	0
8327	KICH	normal	SINE	3
8407	KICH	normal	L1	0
8407	KICH	normal	SINE	2
8431	KICH	normal	L1	0
8431	KICH	normal	SINE	0
8430	KICH	normal	L1	0
8430	KICH	normal	SINE	4
8432	KICH	normal	L1	1
8432	KICH	normal	SINE	0
8435	KICH	normal	L1	0
8435	KICH	normal	SINE	0
8434	KICH	normal	L1	2
8434	KICH	normal	SINE	1
8639	KICH	normal	L1	0
8639	KICH	normal	SINE	1
8439	KICH	normal	L1	0
8439	KICH	normal	SINE	0
8438	KICH	normal	L1	0
8438	KICH	normal	SINE	3
8332	KICH	normal	L1	1
8332	KICH	normal	SINE	1
8333	KICH	normal	L1	0
8333	KICH	normal	SINE	1
8419	KICH	normal	L1	0
8419	KICH	normal	SINE	0
8418	KICH	normal	L1	2
8418	KICH	normal	SINE	0
8337	KICH	normal	L1	0
8337	KICH	normal	SINE	5
8334	KICH	normal	L1	0
8334	KICH	normal	SINE	1
8405	KICH	normal	L1	0
8405	KICH	normal	SINE	0
8477	KICH	normal	L1	0
8477	KICH	normal	SINE	0
8476	KICH	normal	L1	0
8476	KICH	normal	SINE	2
8417	KICH	normal	L1	0
8417	KICH	normal	SINE	2
8416	KICH	normal	L1	2
8416	KICH	normal	SINE	0
8331	KICH	normal	L1	0
8331	KICH	normal	SINE	0
8325	KICH	normal	L1	0
8325	KICH	normal	SINE	0
8328	KICH	normal	L1	0
8328	KICH	normal	SINE	0
8426	KICH	cancer	L1	1
8426	KICH	cancer	SINE	0
8427	KICH	cancer	L1	2
8427	KICH	cancer	SINE	1
8424	KICH	cancer	L1	0
8424	KICH	cancer	SINE	1
8425	KICH	cancer	L1	0
8425	KICH	cancer	SINE	0
8422	KICH	cancer	L1	0
8422	KICH	cancer	SINE	0
8421	KICH	cancer	L1	0
8421	KICH	cancer	SINE	0
8428	KICH	cancer	L1	3
8428	KICH	cancer	SINE	1
8429	KICH	cancer	L1	1
8429	KICH	cancer	SINE	6
8409	KICH	cancer	L1	0
8409	KICH	cancer	SINE	2
8440	KICH	cancer	L1	2
8440	KICH	cancer	SINE	12
8441	KICH	cancer	L1	0
8441	KICH	cancer	SINE	1
8442	KICH	cancer	L1	1
8442	KICH	cancer	SINE	3
8443	KICH	cancer	L1	2
8443	KICH	cancer	SINE	2
8343	KICH	cancer	L1	1
8343	KICH	cancer	SINE	1
8342	KICH	cancer	L1	1
8342	KICH	cancer	SINE	5
8341	KICH	cancer	L1	4
8341	KICH	cancer	SINE	6
8411	KICH	cancer	L1	3
8411	KICH	cancer	SINE	2
8323	KICH	cancer	L1	6
8323	KICH	cancer	SINE	2
8344	KICH	cancer	L1	0
8344	KICH	cancer	SINE	1
8346	KICH	cancer	L1	2
8346	KICH	cancer	SINE	1
8406	KICH	cancer	L1	3
8406	KICH	cancer	SINE	2
8327	KICH	cancer	L1	0
8327	KICH	cancer	SINE	4
8407	KICH	cancer	L1	3
8407	KICH	cancer	SINE	0
8431	KICH	cancer	L1	2
8431	KICH	cancer	SINE	4
8430	KICH	cancer	L1	1
8430	KICH	cancer	SINE	1
8432	KICH	cancer	L1	0
8432	KICH	cancer	SINE	1
8435	KICH	cancer	L1	3
8435	KICH	cancer	SINE	2
8434	KICH	cancer	L1	2
8434	KICH	cancer	SINE	3
8639	KICH	cancer	L1	0
8639	KICH	cancer	SINE	5
8439	KICH	cancer	L1	1
8439	KICH	cancer	SINE	4
8438	KICH	cancer	L1	1
8438	KICH	cancer	SINE	4
8332	KICH	cancer	L1	0
8332	KICH	cancer	SINE	7
8333	KICH	cancer	L1	1
8333	KICH	cancer	SINE	1
8419	KICH	cancer	L1	0
8419	KICH	cancer	SINE	1
8418	KICH	cancer	L1	1
8418	KICH	cancer	SINE	2
8337	KICH	cancer	L1	1
8337	KICH	cancer	SINE	3
8334	KICH	cancer	L1	1
8334	KICH	cancer	SINE	0
8405	KICH	cancer	L1	2
8405	KICH	cancer	SINE	0
8477	KICH	cancer	L1	0
8477	KICH	cancer	SINE	0
8476	KICH	cancer	L1	0
8476	KICH	cancer	SINE	0
8417	KICH	cancer	L1	2
8417	KICH	cancer	SINE	4
8416	KICH	cancer	L1	2
8416	KICH	cancer	SINE	0
8331	KICH	cancer	L1	1
8331	KICH	cancer	SINE	0
8325	KICH	cancer	L1	2
8325	KICH	cancer	SINE	2
8328	KICH	cancer	L1	1
8328	KICH	cancer	SINE	0
